Name of the Company,Address,Phone,Business Types
Edifice Couture Pvt. Ltd. A Unit Of The Divine International Inc.,"Address: Showroom -10, Aadarsh Colony, Sanoli Road, Panipat - 132104, Opposite Lahu Wala Gurudwara","Phone: 1804079718, +918950224288, +918950024288",Verified: Yes
Nand International,"Address: 18/20 Rishi Colony, Sanoli Road, Panipat HO, Panipat - 132103, Near Devendra Vaishno Bhojnalay & Opposite Ganesh Mandir","Phone: +918572072788, +919896388965",Verified: Yes
Shivalik Furnishing,"Address: Plot No-80, Sector-25, HUDA, Part-1, G T Road, Panipat Gt Road, Panipat - 132103, Opposite Khadi Ashram",Phone: +919152453623,Verified: Yes
Nand International,"Address: Sanoli Road, Panipat City, Panipat - 132103, Opp. Guru Nanak Engineering Chandni Bagh",Phone: +919152692167,"Tags: Bed Sheet Manufacturers, Blanket Manufacturers, Blanket Wholesalers"
Bahubali Woollen Mills,"Address: Kabri Road Pacca Fatak, Panipat City, Panipat - 132103, Opp. Kalu Peer Street","Phone: 1802652472, +919896052472, +919896040263","Tags: Bed Sheet Manufacturers, Blanket Manufacturers, Blanket Wholesalers"
Mohak Woollens Pvt Ltd,"Address: Mohak Woollen, Sector-29 HUDA Part-II, HUDA Sector 29, Panipat - 132103, Near Sarla Export,Flora Chowk","Phone: 1802671004, +919996200004","Tags: Bed Sheet Manufacturers, Blanket Manufacturers, Mink Blanket Manufacturers"
Shiv Shakti Loomtex Pvt Ltd,"Address: 21/7 Shiv Shakti Loomtex, S D College Road, Panipat City, Panipat - 132103, Opposite Punjab National Bank Street","Phone: 1804022023, +918950895895, +919896052424","Tags: Bed Sheet Manufacturers, Bed Sheet Wholesalers"
Grover Tex Prints Pvt Ltd,"Address: 809/7, S.D. College Road, Panipat City, Panipat - 132103, Near Amar Bhawan Chowk","Phone: 1802694890, +919671300004, +919215616230, +919671300015","Tags: Bed Sheet Manufacturers, Bed Sheet Wholesalers, Curtain Manufacturers"
Arch Fab,"Address: Plot No-138, Sector-25 HUDA Part-II, Panipat City, Panipat - 132103, Near-Sale Tax Office",Phone: +919152334616,"Tags: Bed Sheet Manufacturers, Blanket Manufacturers, Blanket Wholesalers"
Daya Handloom Pvt Ltd,"Address: Shop Number 412 Ward Number 7, Amar Bhawan Chowk, Panipat HO, Panipat - 132103, Near Shree Ram Mandir Street",Phone: +919812590890,"Tags: Bed Sheet Manufacturers, Bed Sheet Retailers, Bed Sheet Wholesalers"
Decor Street,"Address: Hari-om Nagar, Babail Road, Babail, Panipat - 132103","Phone: +917206891600, 8295160579, 9416316480","Tags: Bed Sheet Manufacturers, Door MAT Manufacturers"
Riviera Home Furnishing Pvt Ltd,"Address: Plot No-237, Panipat Gt Road, Panipat - 132103, Part-2, Sector-29","Phone: 1802661288, 1802664801, 1802672222, 1804091200, 1806621200","Tags: Bath MAT Manufacturers, Bed Sheet Manufacturers, Home Furnishing Manufacturers"
Guru Kirpa Handloom,"Address: 2, Sanoli Road, Babail, Panipat - 132103, Old Subzi Mandi Aman Dairy","Phone: 1804005957, +918607555556, +919034399022","Tags: Bed Sheet Manufacturers, Blanket Wholesalers"
Panipat Furnishings,"Address: #430, Sec-12, Huda, Panipat, Haryana, panipat - 132103",Phone: +919050400813,"Tags: Bed Sheet Manufacturers, Blanket Dealers, Blanket Manufacturers"
Satya Textile,"Address: Shop No.413, Kuttani Road, Kutani Road, Panipat - 132103, Opposite Jangra Market Street","Phone: +919812627341, 9812627361","Tags: Bed Sheet Manufacturers, Bed Sheet Wholesalers, Handloom Wholesalers"
Mauli Group,"Address: P No-97/98, Panipat Sector 25 Part 2, Panipat - 132103, Sec-25,Part-2,Indl Area Huda","Phone: 1803200074, 1803291447, 1804002847, +919416740000, +919729074000","Tags: Bed Sheet Manufacturers, Curtain Manufacturers, Sofa Cover Dealers"
Tima Gurunanak Handloom Pvt Ltd,"Address: Behind Gaushalla Mandi, Gurunanak Lane, Panipat City, Panipat - 132103, Near Vishav Karma Mandir( Gohana Road)",Phone: +919152447882,"Tags: Bed Sheet Manufacturers, Blanket Dealers, Blanket Manufacturers"
Vikas Textile Industries,"Address: 108 New Pachranga Market, New Pachranga Bazar, Panipat City, Panipat - 132103, Near IBL Public School",Phone: +919152565515,"Tags: Bed Sheet Manufacturers, Blanket Manufacturers, Woollen Blanket Manufacturers"
Govind Textile Pvt Ltd,"Address: Shop No-3411, Old Gohana Road, Gohana Road, Panipat - 132103, Near SBI BankShastri Colony","Phone: +919729018018, +919812000293","Tags: Bed Sheet Manufacturers, Mink Blanket Manufacturers, Woollen Blanket Manufacturers"
Titos,"Address: Showroom :828/7, Amar Bhawan Chowk, Panipat City, Panipat - 132103, Opposite Pakode Wala",Phone: +919152393684,"Tags: Bed Sheet Manufacturers, Blanket Manufacturers, Blanket Wholesalers"
Origin Handloom Pvt Ltd,"Address: GT Road, Geeta Mandir Road, Panipat - 132103, Near Railway Station Road, Opposite Pillar Number - 47","Phone: +919812061459, +919812711113","Tags: Bed Sheet Manufacturers, Velvet Fabric Manufacturers"
Sonu Handloom Palace,"Address: Plot -15, Risalu Road, Panipat HO, Panipat - 132103, Near-Basket Ball Ground","Phone: +919812411181, +919812311181","Tags: Bed Sheet Manufacturers, Bed Sheet Wholesalers, Carpet Manufacturers"
Sonu Handloom Palace,"Address: Gali No. 12 Baljeet Nagar, Sanoli Road, HUDA Sector 25, Panipat - 132103, Near- Malik Petrol Pump","Phone: +919812411181, +919812311181","Tags: Bed Sheet Manufacturers, Curtain Manufacturers, Sofa Cover Dealers"
Sourabh Textile,"Address: Sourabh Textile, Babail Road, Panipat HO, Panipat - 132103, Jai Maa Asth Bhuji Mandir Road","Phone: +919306439969, +919215800890","Tags: Bed Sheet Manufacturers, Blanket Manufacturers, Blanket Wholesalers"
Parv Tex India,"Address: Behrampur, Bapoli Road, Panipat HO, Panipat - 132103",Phone: +919991144492,"Tags: Bed Sheet Manufacturers, Towel Manufacturers"
Varindavan Fabrics Pvt Ltd,"Address: Plot 19A, Sector 25, Huda, Panipat - 132104",Phone: +919812522299,"Tags: Bed Sheet Manufacturers, Carpet Dealers, Sofa Cover Dealers"
Liberty India,"Address: Panipat Gt Road, Panipat - 132103, Sanjay Chowk","Phone: 1802698472, 1802698475, +919980507258","Tags: Bath MAT Manufacturers, Bed Sheet Manufacturers, Carpet Manufacturers"
Rams Odhna Bichona Pvt Ltd,"Address: G T Road, Near Samsung Care, Panipat City, Panipat - 132103, Opposite Axis Bank",Phone: +919152388347,"Tags: Bed Sheet Manufacturers, Bed Sheet Retailers"
Satya Textiles,"Address: Shop No. 324/7, Sethi Chowk, Israna, Panipat - 132103, Near Katariya Medical Store",Phone: +919812627341,"Tags: Bed Sheet Manufacturers, Blanket Wholesalers"
Dua Handloom Industries,"Address: 5/7, Amar Bhawan Chowk, Panipat City, Panipat - 132103, Near Ram Mandir Street",Phone: +919152568646,"Tags: Bed Sheet Manufacturers, Bed Sheet Wholesalers, Blanket Wholesalers"
Farmer Textiles,"Address: 1 9, Sector 25 Part Ii, Panipat Sector 25 Part 2, Panipat - 132103","Phone: +919996000031, +919253771111","Tags: Bed Sheet Manufacturers, Fleece Blanket Dealers"
Bhatia International India,"Address: Geeta Mandir Road, Geeta Mandir Road, Panipat - 132103, Near Laxmi Dhaba","Phone: 1802632487, 1804004077, +919812031077, +919215531077","Tags: Bed Sheet Manufacturers, Carpet Manufacturers, Handloom Manufacturers"
Choco Creation,"Address: 370/7, Sanoli Road, Panipat - 132103, Shree Ram Mandir Street","Phone: 1804067390, +919813090722, +918168064755","Tags: Bed Sheet Manufacturers, Bed Sheet Wholesalers"
Vimal Handloom Emporium Pvt Ltd,"Address: 878/7, S D College Road, Panipat G T Road, Panipat - 132103, Near Punjab National Bank","Phone: +9101804007866, +9101804022866, +919896600086, +919896008866, +919416468481","Tags: Bed Sheet Manufacturers, Blanket Manufacturers, Blanket Wholesalers"
Sunny Textiles,"Address: Number 274/7, Amar Bhawan Chowk, Panipat City, Panipat - 132103, Near Shree Ram Mandir Street",Phone: +919152615424,"Tags: Bed Sheet Manufacturers, Bed Sheet Wholesalers, Blanket Wholesalers"
Swastik Traders,"Address: Shop No- 681/7, Gurudwara Road, Panipat City, Panipat - 132103, Near Amar Bhawan Chowk",Phone: +919034688991,"Tags: Bed Sheet Manufacturers, Blanket Manufacturers, Blanket Wholesalers"
Keshav International,"Address: Ward Number 11, Kuttani Road, Panipat HO, Panipat - 132103, Near Mahavir Adarsh School","Phone: +9101802690791, +919215577133, +919812077133","Tags: Bed Sheet Manufacturers, Bed Sheet Wholesalers"
Gagan Handloom,"Address: Sanoli Road, Panipat - 132104, Near Malik Petrol Pump",Phone: +919671700412,Tags: Bed Sheet Manufacturers
Solitaire Home Furnishing,"Address: Origin Handloom, GT Road, Panipat City, Panipat - 132103, Opposite Pillar Number 47, Near-Railway Road",Phone: +919152673551,"Tags: Bed Sheet Manufacturers, Bed Sheet Retailers, Blanket Wholesalers"
Milan Textiles,"Address: Babail Road, Kacha Kala Aamba Road, Babail, Panipat - 132103, Near Gangotri Furnishing House","Phone: 1802640083, +919729031000, +919812068300, +919728031000","Tags: Bed Sheet Manufacturers, Blanket Manufacturers, Carpet Manufacturers"
Mayank Home Furnishing,"Address: Plot No 5, Part 2, Huda, Panipat - 132104, Sector 29","Phone: 1802664600, 1802664700, 1804017999","Tags: Bed Sheet Manufacturers, Curtain Manufacturers, Home Furnishing Manufacturers"
Anjali Home Fashion,"Address: S D College Road, Panipat City, Panipat - 132103, Above Punjab National Bank","Phone: +9101804013403, +919215536992, +919215536991, +917206800092","Tags: Bed Sheet Manufacturers, Blanket Dealers, Blanket Manufacturers"
Dev Overseas,"Address: Vpo Kabdi, Kabri, Panipat - 132103, Near Kabri Village",Phone: +918168530050,Tags: Bed Sheet Manufacturers
Roshan Singh Bhag Singh Pvt Ltd,"Address: 350/7, Panipat - 132103, Near Amar Bhawan Chowk, Ram Mandir Ke Samne Wali Gali","Phone: 1804003377, +919896840108","Tags: Bed Sheet Manufacturers, Blanket Manufacturers, Woollen Blanket Manufacturers"
Barkha International,"Address: Plot Number 9, Risalu Road, Huda Sector 25, Panipat - 132103, Near Annapurna Farms","Phone: 1804000125, +919817765910, +919813245674","Tags: Bed Sheet Manufacturers, Blanket Manufacturers, Carpet Manufacturers"
Am Textiles,"Address: Road, Huda Sector 29, Panipat - 132103, Near","Phone: +919991004233, +918570003266","Tags: Bed Sheet Manufacturers, Bed Sheet Wholesalers, Velvet Fabric Manufacturers"
sunil handloom pvt ltd,"Address: Office Number-153-154, Panipat Gt Road, Panipat - 132103, Opposite State Bank Of India","Phone: +9101802690100, +9101802639398, +9101802630032, +9101802661400, +9101802690101","Tags: Bed Sheet Manufacturers, Blanket Manufacturers, Blanket Wholesalers"
Seema Handloom,"Address: Shop Number- 13, Pachranga Bazar, Panipat - 132103, near Jain Mohalla and within Geeta Market","Phone: +917404983222, +917999993432","Tags: Bed Sheet Manufacturers, Blanket Manufacturers, Handloom Retailers"
Akash Home Furnishings Pvt Ltd (Rg),"Address: Balana Road, Balaana, Panipat - 132145, Near","Phone: +919812209091, +917988215485",Tags: Bed Sheet Manufacturers
U D Home Furnishing,"Address: 197/7 Amar Bhawan Chowk, Israna, Panipat - 132103, Opposite Ram Mandir Street Near Sethi Chowk","Phone: 1804008483, +919034300083, +919416292698","Tags: Bed Sheet Manufacturers, Bed Sheet Wholesalers"
Gaba Textlies,"Address: Desraj Colony, Panipat HO, Panipat - 132103, Near- Raj Kumar Atta Chakki","Phone: +919215984393, +918950957927","Tags: Bed Sheet Manufacturers, Bed Sheet Wholesalers"
RGTS Home Furnishing India Pvt.Ltd,"Address: Chawla Colony, Kuttani Road, Panipat City, Panipat - 132103, Old Dawar Factory","Phone: +917422820000, 7422830000","Tags: Bed Sheet Manufacturers, Blanket Manufacturers, Blanket Wholesalers"
Birmi International Pvt Ltd,"Address: Madlauda, Panipat - 132113, Opp Railway Station","Phone: +919991000051, +918295300051","Tags: Bed Sheet Manufacturers, Blanket Manufacturers, Yarn Manufacturers"
Bsb Woollens Pvt Ltd,"Address: Pachranga Bazar, Panipat - 132103, OPP PNB ATM","Phone: 1804006927, +919215700338, 9812029683, 9416000338","Tags: Bed Sheet Manufacturers, Bed Sheet Retailers, Bed Sheet Wholesalers"
Festival Fabrics,"Address: Chandni Bagh, Babail, Panipat - 132103, Behind Khushi Garden","Phone: +919215213880, 9215213884, 9215213887",Tags: Bed Sheet Manufacturers
Bansal Woollens Pvt Ltd,"Address: Number 86/4, Pachranga Bazar, Pachranga Bazar, Panipat - 132103, Near-Jain Mandir","Phone: 1804008388, +919896015558, +919996631352, +919416017590","Tags: Bed Sheet Manufacturers, Blanket Manufacturers, Woollen Blanket Manufacturers"
Satish Kumar Dhingra,"Address: Office Number-153-154, Panipat Gt Road, Panipat - 132103, Opposite State Bank Of India","Phone: +9101802690100, +919050700000, +919416000800","Tags: Bed Sheet Manufacturers, Blanket Manufacturers, Blanket Wholesalers"
Indian Weave Sourcing,"Address: Near Mittal Mall, Risalu Road, Panipat City, Panipat - 132103, Near Annapurna Garden",Phone: +918950000704,"Tags: Bed Sheet Manufacturers, Carpet Dealers, Carpet Manufacturers"
Sethi Home Decor,"Address: Sethi Chowk, Panipat - 132107, Near HDFC Bank Atm","Phone: +918950200108, +917206170013","Tags: Bed Sheet Manufacturers, Blanket Wholesalers, Handloom Wholesalers"
Gupta Enterprise,"Address: Babail Road, Babail, Panipat - 132103, Opposite Kabul Bagh Masjid","Phone: +919812245436, +918950510953","Tags: Bed Sheet Manufacturers, Bed Sheet Wholesalers"
Kanishka Texo Fab,"Address: Plot No-466, Sector 25, Part-2, Huda, Panipat - 132103","Phone: 1802660466, +919466785632, +919355535456","Tags: Bed Cover Manufacturers, Bed Sheet Manufacturers, Sofa Cover Dealers"
Tamanna international panipat,"Address: plot.no.118, villg dahar, gohana road, Gohana Road, Panipat - 132103, Near,Axis bank","Phone: +919992000763, +918168209233","Tags: Bed Sheet Manufacturers, Cotton Waste Dealers, Rug Manufacturers"
LG Handloom,"Address: 481/4, Circular Road, New Hb Colony, Panipat - 132103, Amar Bhawan Chowk","Phone: 1804010189, +919996349840","Tags: Bath MAT Manufacturers, Bed Sheet Manufacturers, Door MAT Manufacturers"
Siesta,"Address: 416/10, Kutani Road, Panipat - 132103, Near R.k Public School","Phone: +919896705444, 8199002020","Tags: Bed Sheet Manufacturers, Cushion Manufacturers, Quilt Dealers"
Gaurav Textile BTM,"Address: Ganpati Handloom Market And Gohana Road, Gohana Road, Panipat - 132103","Phone: +9101804001845, +919466622053, +919215701227, +919896067755, +919466253558","Tags: Bed Sheet Manufacturers, Handloom Manufacturers, Handloom Wholesalers"
S K Handloom Textiles,"Address: Plot No-237, Gali No-5, Marla Chowk, Panipat - 132103, Near Kranti Nagar","Phone: +9101802691611, +919355050515, +919896263515, +919354928816","Tags: Bed Sheet Manufacturers, Curtain Fabric Manufacturers, Curtain Manufacturers"
Deepak Textile,"Address: 153/154, 153/154 S.D College Road, Panipat Gt Road, Panipat - 132103, Opp.Sbi Bank",Phone: +919152629415,"Tags: Bed Sheet Manufacturers, Bed Sheet Wholesalers"
Home Grace,"Address: Shop No.- 101-102, S.D. College Road, Panipat G T Road, Panipat - 132103, Near Pn.B. Bank","Phone: 1804007615, +919896888188","Tags: Bed Sheet Manufacturers, Carpet Dealers, Textile Retailers"
Five Star Handloom House,"Address: Nai Sabji mandi k pass, saini colony, Panipat HO, Panipat - 132103, Subhash Tubewall",Phone: +919466785677,"Tags: Bed Sheet Manufacturers, Bed Sheet Retailers, Handloom Retailers"
Parkash Overseas,"Address: Plot No. 175, Sector 25, Part 2, Panipat City, Panipat - 132103, Near Sales Tax Office",Phone: +919152295519,"Tags: Bed Sheet Manufacturers, Bed Sheet Wholesalers, Blanket Wholesalers"
Bsb Home,"Address: Plot No-11, Sector 25, Part 2, Pachranga Bazar, Panipat - 132103, Opp Indo Mehak Farm House","Phone: +918800443561, +917015580960, +919812029683","Tags: Bed Sheet Manufacturers, Bed Sheet Wholesalers"
Vrinda Home Tex,"Address: Teja Singh Ground, Circular Road, Panipat Nsm, Panipat - 132103, Amar Bhawan Chowk","Phone: +919896600266, +919034000002","Tags: Bed Sheet Manufacturers, Handloom Manufacturers"
BSB Spinners,"Address: Plot No 11, Phase 2, HUDA Sector 25, Panipat - 132103, Opp Indo Mehak Farm House","Phone: +919728252222, +919992816191","Tags: Bed Sheet Manufacturers, Blanket Manufacturers, Woollen Blanket Manufacturers"
Hand Fab A Living,"Address: Shop No-9, Jattal Road, Panipat - 132103, Mahaveer Colony,Near Railway Crossing","Phone: 1802630735, 1802632627","Tags: Bed Sheet Manufacturers, Bed Sheet Retailers, Curtain Dealers"
Inder Textiles,"Address: Shop No 484/4, Circular Road, Amar Bhawan Chowk, Panipat G T Road, Panipat - 132103, Panipat","Phone: +919812081872, +919215785111, +919812266200","Tags: Bed Sheet Manufacturers, Bed Sheet Retailers, Textile Retailers"
Sandhya Handloom Indutries,"Address: 813/7 Sandhya Handloom, S D College Road, Panipat G T Road, Panipat - 132103, Near Punjab National Bank","Phone: +9101802637639, +919416007639, +919416016503","Tags: Bed Sheet Manufacturers, Bed Sheet Wholesalers"
Keshav Prints,"Address: Circular Road, Panipat City, Panipat - 132103, Near Amar Bhawan Chowk","Phone: +919215536134, +917404700002, +919034112342","Tags: Bed Sheet Manufacturers, Bed Sheet Retailers, Handloom Retailers"
Chawla Enterprises (carpet),"Address: Nala Par, Kutani Road, Babri Majid Wali Gali, Panipat HO, Panipat - 132103, Near 11 No Ward","Phone: +919215667456, +919896725003, +919810067546",Tags: Bed Sheet Manufacturers
Ddi Enterprises,"Address: Across Both Canal, Office No. 7, Jattal Road, Panipat City, Panipat - 132103, Near Shani Mandir","Phone: +919992220075, +919996002227","Tags: Bed Sheet Manufacturers, Blanket Manufacturers, Woollen Blanket Manufacturers"
New Sham Sunder Handloom Industry,"Address: Shop No - 15, shantan dhram college road, Panipat City, Panipat - 132103, near pnb bank","Phone: +919812152166, +919466114661","Tags: Bed Sheet Manufacturers, Handloom Manufacturers"
Victor Textile Ltd,"Address: Plot No - 28 Sector - 29, HUDA Sector 29, Panipat - 132103, Huda Panipat","Phone: 1802660436, 1802661126, +919354910336",Tags: Bed Sheet Manufacturers
Shree Ganpati Traders,"Address: Plot No 495, Part 2, HUDA Sector 25, Panipat - 132103, Near Power House","Phone: +919253348148, +919255740761, +918059503700","Tags: Bed Sheet Manufacturers, Handloom Manufacturers, Handloom Wholesalers"
Sugandha Textiles,"Address: Mohit Nagar, Barsat Road, Panipat City, Panipat - 132103, Near Shalini Gas Godown Street",Phone: +919152205309,"Tags: Bed Sheet Manufacturers, Blanket Manufacturers"
Luxmi Handloom,"Address: Shop No 13, Geeta Market, Pachranga Bazar, Panipat - 132103",Phone: +917404983222,"Tags: Bed Sheet Manufacturers, Handloom Manufacturers"
Mahaluxmi Textiles,"Address: Shop Number-455/7, Amar Bhawan Chock, Gurudawara Road, Panipat City, Panipat - 132103, Near Gurudawara","Phone: +918950600030, +918222900030","Tags: Bed Sheet Manufacturers, Handloom Retailers, Woollen Blanket Manufacturers"
Bala JI Ind,"Address: E-29, Panipat HO, Panipat - 132103, All Indl Area","Phone: 1802652952, 1802681084, +919896079786","Tags: Bed Sheet Manufacturers, Blanket Manufacturers, Cushion Manufacturers"
Arya Textiles,"Address: 665/4, Pachranga Bazar, Panipat - 132103, Near Valmiki Mandir, Pachranga Bazar","Phone: 1804021919, 1806507777, +919215701919, +919541288174, +919896319774","Tags: Bed Sheet Manufacturers, Handloom Manufacturers, Handloom Wholesalers"
Gagan Textiles,"Address: Panipat HO, Panipat - 132145, Devpuri Rd",Phone: +919896352052,"Tags: Bed Sheet Manufacturers, Blanket Dealers, Woollen Blanket Manufacturers"
New India Export Co,"Address: E-29, Panipat Gt Road, Panipat - 132103, Old Indl Office,Nr DC Office","Phone: 1802652952, +919896079786","Tags: Bath MAT Manufacturers, Bed Sheet Manufacturers, Rug Manufacturers"
Ashoka Textiles,"Address: House No. 384/7, Opposite Old Subzi Mandi Sanoli Road, Panipat- 132103, Plot No.214-C Sec 29 Part-2 Huda Panipat, Panipat HO, Panipat - 132103","Phone: +919466095520, +919416000736","Tags: Bed Sheet Manufacturers, Bed Sheet Wholesalers"
Sampada Textiles,"Address: 155, Huda, Panipat - 132104, Huda, Sector-25 Part-2","Phone: 1802660591, +919812323591, +919812003591","Tags: Bed Cover Case Manufacturers, Bed Sheet Manufacturers"
H M Textiles,"Address: 229/4, Circular Road, Pachranga Bazar, Panipat - 132103, Near Amar Bhawan Chowk","Phone: 1804018600, +919812000807, +919996001884","Tags: Bed Sheet Manufacturers, Blanket Dealers, Blanket Manufacturers"
Mayur Home,"Address: 85-86, Sector 25, Part-1, HUDA, HUDA, Panipat - 132104, Near Khadi Ashram","Phone: +919996822223, +919896478412, +919996922229","Tags: Bath MAT Manufacturers, Bed Sheet Manufacturers"
Swastik Handloom,"Address: Office No 36-B, Adrash Colony, Sanoli Road, Panipat - 132104, Panipat","Phone: +919896760608, 8601187886, 9255741773","Tags: Bed Sheet Manufacturers, Handloom Manufacturers"
Panipat Handloom,"Address: Gohana Road, Panipat - 132103, Near Fci Godown, Opposite Sugar Mill","Phone: +919068302070, 9255481966, 8050329529","Tags: Bed Sheet Manufacturers, Blanket Manufacturers, Handloom Manufacturers"
Atul International,"Address: Plot No 165, HUDA Sector 25, Panipat - 132103, Sector 25 Part 2",Phone: +919050009282,"Tags: Bed Sheet Manufacturers, Blanket Manufacturers, Woollen Blanket Manufacturers"
Alliance Overseas Pvt Ltd,"Address: Plot No- 15, Sector -29, Part 2, Panipat HO, Panipat - 132103, Near Dainik Bhaskar Newspaper","Phone: +919215910025, +919812025160, +919812225160, +919812315160","Tags: Bed Sheet Manufacturers, Bed Sheet Wholesalers"
Textile World Company,"Address: Shop No 27, Maharaja Aggrsain Towel Market, Gohana Road, Gohana Road, Panipat - 132103","Phone: 1804000337, +919254000619","Tags: Bed Sheet Manufacturers, Curtain Manufacturers, Cushion Cover Manufacturers"
M C Handloom Industries,"Address: 280/7, Sethi Chowk, Panipat - 132107, Near Amar Bhawan Chowk","Phone: 1802696210, 1802696211, +919354920840","Tags: Bed Sheet Manufacturers, Handloom Manufacturers"
Goyal Trading Company,"Address: Shop No 54, Gali No 1, Gohana Road, Panipat - 132103, Aggarwal Towel Market","Phone: +919254095877, +919253333177","Tags: Bed Sheet Manufacturers, Handloom Wholesalers"
Dev Textiles,"Address: Plot-No.287, Sector-25, Part-2 Huda, Panipat Gt Road, Panipat - 132103, Near Aanad International","Phone: +919416159773, +919034850029","Tags: Bed Sheet Manufacturers, Bedspread Manufacturers, Prayer MAT Manufacturers"
Pawansut Enterprises,"Address: 544b Sector 12, HUDA Sector 12, Panipat - 132103, Huda Sector 12",Phone: +917015543163,"Tags: Bed Sheet Manufacturers, Blanket Manufacturers"
Balaji Handloom,"Address: Plot No-1632, Mohit Nagar, Barsat Road, Panipat City, Panipat - 132103, Opp. Kuber Dharm Kanta Street",Phone: +919152911275,"Tags: Bed Sheet Manufacturers, Blanket Manufacturers, Carpet Manufacturers"
Sunil Handloom Pvt Ltd,"Address: Plot Number 153 - 154 Sd College Corner, G.T. Road Nh-1, Panipat Gt Road, Panipat - 132103, Opposite State Bank Of India,Near S D College","Phone: 1802690100, 1806051100, +919050700000, +919671200000, +919416000800","Tags: Bed Sheet Manufacturers, Blanket Manufacturers, Blanket Wholesalers"
Satcap India,"Address: C-173, Ground Floor, Phase-1, Urban Estate, Jamalpur, Ludhiana, Panipat City, Panipat - 132103","Phone: 1802678656, +919915070800, +919981084661","Tags: Bed Sheet Manufacturers, Blanket Manufacturers, Woollen Blanket Manufacturers"
M.d.j Texco Fab Pvt. Ltd.,"Address: Village Alipur Khalsa, Khotpura Road, Kohand, Panipat - 132103",Phone: +918053018933,"Tags: Bed Sheet Manufacturers, Mink Blanket Manufacturers"
Sunil Handloom Pvt Ltd,"Address: Plot Number - 216, Huda Sector 29, Panipat - 132103, Near Dying Unit & Days Hotel, Part 2","Phone: +919050700000, 9416000800",Tags: Bed Sheet Manufacturers
Balaji Handloom Product,"Address: Plot No. 206, Sector-29(Part II), Panipat HO, Panipat - 132103, Near Krishna Garden Marriage Lawn","Phone: 1804003605, +919896670605, +919416223355","Tags: Bed Sheet Manufacturers, Yarn Retailers"
Jsr Trading Company,"Address: Main Head Office Geeta Mandir Road, Second Branch Railway Road, Panipat City, Panipat - 132103","Phone: +919728022626, +919215708300, +919728666645, +919728666649","Tags: Bed Sheet Manufacturers, Curtain Manufacturers"
Netaji Textiles,"Address: Kutani Road Gulab Dhabe Wali Gali, Kutani Road, Panipat - 132103, Near Pehelwan Chowk","Phone: +919896766662, +919896766661","Tags: Bed Sheet Manufacturers, Blanket Wholesalers"
Home Sazz-Home Furnishing,"Address: Plot No.74, Home Sazzhome Furnishing In Panipat, No10, Baljeet Nagar, Sector 9, Street, Street Sanoli Road, Huda, Panipat - 132103",Phone: +919802000968,"Tags: Bath MAT Manufacturers, Bed Sheet Manufacturers, Door MAT Manufacturers"
Riddhi Siddhi Texo Fab,"Address: Sanoli Road, Panipat - 132104, Near Essar Petrol Pump","Phone: +917056646740, +919467691940","Tags: Bed Sheet Manufacturers, Blanket Manufacturers, Woollen Blanket Manufacturers"
Kher Industries,"Address: R K Vihar, Model Town, Jattal Road, Model Town, Panipat - 132103",Phone: +918571844490,Tags: Bed Sheet Manufacturers
Bharat Handicraft,"Address: Near Jattu Chowk Plot No 4, Bhagat Nagar, Bhagat Nagar, Panipat - 132103",Phone: +917988202528,"Tags: Bed Sheet Manufacturers, Fabric Manufacturers"
Riddhi Exports,"Address: 91/11, Sanoli Road, Panipat City, Panipat - 132103, Opp.New Subzi Mandi, Near-Raghunath Chowk",Phone: +919152253649,Tags: Bed Sheet Manufacturers
Abhinav Grah Nikhar,"Address: 5/7, Sd College Road, Panipat Gt Road, Panipat - 132103, Opposite Punjab National Bank, S.D. School Market","Phone: +919896887161, +919996315001","Tags: Bed Sheet Manufacturers, Carpet Manufacturers"
Festival Fabrics,"Address: Chandni Baag, Railway Road, Panipat - 132103, Behind Khushi Garden","Phone: +919215213884, +918168294759","Tags: Bed Sheet Manufacturers, Bed Sheet Wholesalers, Carpet Manufacturers"
Anandtex International,"Address: Anand Tax, Risalu, Panipat - 132104, Near TDI","Phone: 1802666996, +918221000678, 9996033302, 9810430541, 9996619191","Tags: Bed Sheet Manufacturers, Blanket Manufacturers, Woollen Blanket Manufacturers"
Santosh Loomtex,"Address: Work Adress Plot No 190 Sec 29 Part 2, DEV Puri Rd, Panipat HO, Panipat - 132103, Inside Tiranga Gate,Bh Mahavir Tal Hospital",Phone: +919812233527,"Tags: Bed Sheet Manufacturers, Quilt Dealers"
Anvika Textile,"Address: Ganesh Nagar Gali Sec-5, Sinoli Road, New Hb Colony, Panipat - 132103, Near New Sabzi Mandi, & Jali Wali Karkhanna","Phone: +919896431005, +919896726222","Tags: Bed Sheet Manufacturers, Cushion Cover Manufacturers, Handloom Manufacturers"
Rahul Textile,"Address: Sanoli Road Panipat, Sanoli Road, Panipat - 132104, Near Ubra Kaserimod",Phone: +918059999930,"Tags: Bed Sheet Manufacturers, Textile Manufacturers"
LIFE Styler  Furnishing,"Address: NERA BAJAJ EYE HOSPITAL, NEW SUKHDEV NAGAR, Sukhdev Nagar, Panipat - 132103, INSAR MARKET","Phone: +919808741904, +919837513458","Tags: Bed Sheet Manufacturers, Bed Sheet Wholesalers, Handloom Manufacturers"
M &amp; M INDIA,"Address: Plot No. 50, Galli No. 7, Panipat City, Panipat - 132103, Near Shani Shiv Mandir","Phone: +919812100237, +917027470290","Tags: Bed Sheet Manufacturers, Bed Sheet Wholesalers"
Abhinandan Textiles,"Address: 813/7, Sd Colleg Road, Panipat City, Panipat - 132103, Near PNB Bank",Phone: +918657555502,"Tags: Bed Sheet Manufacturers, Bed Sheet Wholesalers"
Delite International,"Address: Pasina Kalan, Panipat Gt Road, Panipat - 132103, G T Road Panipat","Phone: 1802575860, +919896658500, +919896066635","Tags: Bath MAT Manufacturers, Bed Sheet Manufacturers, Handloom Retailers"
Gopal Blanket Pvt Ltd,"Address: Shop Number 499/7, Gurudwara Road, New Hb Colony, Panipat - 132103, Amar Bhawan Chowk","Phone: +919896098956, +919896339966","Tags: Bed Sheet Manufacturers, Blanket Manufacturers, Woollen Blanket Manufacturers"
Handloom Hut,"Address: 206, Huda, Panipat Sector 11, Panipat - 132103, Gosh Ali Shah",Phone: +919034828798,"Tags: Bed Sheet Manufacturers, Door MAT Manufacturers"
Loom Tex Industries,"Address: 235 & 236, Panipat HO, Panipat - 132103, Satkartar Colony, Near 8 Marla Colony","Phone: 1802691611, 1802650515, +919355050515","Tags: Bed Sheet Manufacturers, Curtain Manufacturers"
Swaraj Fabrics,"Address: 82, HUDA Sector 25, Panipat - 132103, Part -1","Phone: 1802661662, +919354912644, +919034012644","Tags: Bed Sheet Manufacturers, Curtain Manufacturers, Home Furnishing Manufacturers"
Friends Loomtex,"Address: Plot No.11- 12, Gali No 7, Sanoli Road, Industrial Area, Panipat HO, Panipat - 132103, Arya Nagar Or Near Chander Hospital","Phone: +919896665080, +917206841414","Tags: Bed Sheet Manufacturers, Handloom Manufacturers, Handloom Wholesalers"
Anmol Enterprises,"Address: Panipat HO, Panipat - 132103, Nr Guru Nanak Pura, Ramlila Stage Back Side","Phone: +919315462789, +919355909696, +919255233210","Tags: Bed Sheet Manufacturers, Handloom Manufacturers"
Vidhi Handloom,"Address: 581/4, Circular Road, Pachranga Bazar, Panipat - 132103, Amar Bhawan Chowk","Phone: 1802645490, +919416332167, +919416409105","Tags: Bed Sheet Manufacturers, Bed Sheet Retailers, Handloom Retailers"
Prarthana Textile &amp; Pranav Trading Co.,"Address: Shop No. 25, Kumar Market, Pachranga Bazar, Panipat - 132103",Phone: 1802695851,"Tags: Bed Sheet Manufacturers, Blanket Manufacturers, Woollen Blanket Manufacturers"
Ashish Traders,"Address: Assandh Rd, Narain Singh Park, Panipat - 132103, Bhatia Clny","Phone: +919466797349, +919466797351","Tags: Bed Sheet Manufacturers, Blanket Manufacturers"
Ram Tex India,"Address: Shop No 831/8, Sethi Chowk, Panipat - 132107, Near Lal Mazid",Phone: +919416234852,"Tags: Bed Sheet Manufacturers, Bed Sheet Retailers, Door MAT Manufacturers"
Mayur Overseas,"Address: No. 85-86, Sector-25, Part- 1, Huda, Panipat HO, Panipat - 132103",Phone: +918586975547,"Tags: Bed Sheet Manufacturers, Bed Sheet Retailers, Mink Blanket Manufacturers"
adlakha handloom industries,"Address: Ward No. 11, Sanjay Colony, Panipat, Sanjay Colony, Sanoli Road, Panipat - 132104, Panipat","Phone: +919466708206, +919896773477",Tags: Bed Sheet Manufacturers
Rehani Textiles,"Address: Daljit Nagar, Sinoli Nagar, Panipat - 132103",Phone: +918053700021,Tags: Bed Sheet Manufacturers
D Textile,"Address: Veer Bhawan Chungi, St No 4, Panipat HO, Panipat - 132103, Rajeev Clny","Phone: +919024800588, +919991602951, +919355915556","Tags: Bed Sheet Manufacturers, Handloom Manufacturers"
Balaji Enterprises,"Address: Plot No-7, Panipat HO, Panipat - 132103, Dhup Singh Nagar","Phone: 1804003958, +919050877777",Tags: Bed Sheet Manufacturers
Swaran Fabrics,"Address: #356/7, Gali Ram Mandir Wali, Sanoli Road, Panipat - 132104, Near amar bhawan chowk","Phone: 1802635879, +919416018879",Tags: Bed Sheet Manufacturers
Rama Handloom Industries,"Address: Sanoli Road, Panipat - 132104","Phone: +919468345950, 9466623946",Tags: Bed Sheet Manufacturers
Maina Textiles – Manufacturer Of 3D Bedsheets,"Address: Maina Textiles, TEJ VIHAR COLONY, Babail, Panipat - 132103, NEAR ASHT BHUJI MANDIR","Phone: +918168551894, 8708341535, 9813521314, 9350002449","Tags: Bed Sheet Manufacturers, Bed Sheet Wholesalers"
Shiv Shakti Handloom Industries,"Address: 12, Panipat HO, Panipat - 132145, Krishna Mkt Pb","Phone: 1802641087, 1802641017","Tags: Bed Sheet Manufacturers, Blanket Manufacturers, Woollen Blanket Manufacturers"
Onkar Textile,"Address: Plot No.3, Sanoli Road, Panipat - 132103, Near Old Sabzi Mandi","Phone: +919416876300, +919466623707","Tags: Bed Sheet Manufacturers, Bed Sheet Wholesalers"
Diamond Handloom House,"Address: 2/7 S.D. College Road, Panipat Gt Road, Panipat - 132103, Near Pnb Bank","Phone: +919992400924, +919215206500","Tags: Bed Sheet Manufacturers, Handloom Manufacturers"
Arvind Textiles,"Address: 269/7, Panipat City, Panipat - 132103, Amar Bhawan Chowk",Phone: +919996104747,"Tags: Bed Sheet Manufacturers, Handloom Manufacturers, Textile Retailers"
Abbs International Inc.,"Address: Plot # 93, Ind. Estate, Sec-25, Part-I, G.t. Road, Panipat Gt Road, Panipat - 132103","Phone: 1804004844, +919896304849","Tags: Bed Sheet Manufacturers, Cushion Cover Manufacturers, Rug Manufacturers"
S K Handloom Traders,"Address: Old Gohana Rd, Panipat HO, Panipat - 132103, Nr Ravidas Dharmshala","Phone: +919255733400, +919215800840","Tags: Bed Sheet Manufacturers, Door MAT Manufacturers, Handloom Retailers"
Sajawat Fabrics Pvt Ltd,"Address: Shop No .-559/4, Circular Road, New Hb Colony, Panipat - 132103, Amar Bhawan Chowk","Phone: 1804003608, +919812037608, +919253700190, +919896634346","Tags: Bed Sheet Manufacturers, Bed Sheet Retailers, Bed Sheet Wholesalers"
Shree Balaji Mfg &amp; Trading Co,"Address: dabur colony, Panipat - 132103, near pirbaba","Phone: +919253834482, +919996820077, +919017836477","Tags: Bed Sheet Manufacturers, Blanket Cover Manufacturers"
Dev Fab INDIA,"Address: 514/1 Salar Ganj Gate, Panipat City, Panipat - 132103, Near Salar Ganj Gate","Phone: +919034046912, +919729306912","Tags: Bed Sheet Manufacturers, Handloom Manufacturers"
Bsbr Knit Fabs,"Address: Sector 29, Part2, Industrial Area, Panipat - 132103, Behind Flora Exports",Phone: +919354910328,"Tags: Bed Sheet Manufacturers, Fabric Manufacturers, Fleece Blanket Dealers"
Rang Collection,"Address: 11-B, HUDA Sector 25, Panipat - 132103, Part-2",Phone: +917404105000,"Tags: Bed Sheet Manufacturers, Curtain Manufacturers, Sofa Cover Dealers"
Sanyam Textiles,"Address: 357 Sector25, Part2, Huda, Panipat - 132103",Phone: +918053433655,"Tags: Bed Sheet Manufacturers, Carpet Dealers, Carpet Manufacturers"
Marvel Home Furnishing,"Address: Plot No. 60 Sect. 25 Part 2 Industrial Area Huda, Panipat- 132103, Panipat HO, Panipat - 132103",Phone: +919812100741,"Tags: Bed Sheet Manufacturers, Bed Sheet Wholesalers"
BAL Kishan Loomtex PVT LTD,"Address: Khanna Rd, Panipat HO, Panipat - 132103, Nr D N Batra Hospital , Krishan Pura",Phone: +919253845450,Tags: Bed Sheet Manufacturers
Vaishno Dropes,"Address: Dev Puri Road Ganga Markit Shop No 4, Sanoli Road, Sanoli Road, Panipat - 132104, Icici Bank","Phone: +919416006455, +917206006455","Tags: Bed Sheet Manufacturers, Bed Sheet Wholesalers, Door MAT Manufacturers"
Jyoti Handloom Pvt Ltd,"Address: H.O. Offioce:828/7, Amar Bhawan Chowk, Panipat G T Road, Panipat - 132103, Panipat",Phone: +919215519517,"Tags: Bed Sheet Manufacturers, Bed Sheet Retailers"
Hunny Handloom,"Address: Shastri Colony, Jattal Road, Panipat - 132103, Nr Railway Crossing",Phone: +919034209491,Tags: Bed Sheet Manufacturers
Shree Ganesh Jewellers,"Address: 1170, N.H.B.C. Colony, Panipat City, Panipat - 132103, Panipat",Phone: +919215532212,"Tags: Bed Sheet Manufacturers, Bed Sheet Retailers, Jewellery Showrooms"
Home Saaz,"Address: GT Rd, Panipat Gt Road, Panipat - 132103, Near By Gurdwara Opst Ralaway Stn","Phone: +918553077777, +918443977777","Tags: Bed Sheet Manufacturers, Bed Sheet Wholesalers"
Radhey Home Furnishing,"Address: New Vikas Nagar, Tehsil Camp, Indira Colony, Panipat - 132103",Phone: +918607972359,"Tags: Bed Sheet Manufacturers, Curtain Dealers"
MAA Ambey Home Decor,"Address: 824/7, Insaar Chowk Market, Panipat - 132103, Amer Bhavan Chowk Bazar","Phone: 1804018808, +919671700308, +919896129808, +919728491808","Tags: Bed Sheet Manufacturers, Bed Sheet Wholesalers, Handloom Wholesalers"
Dev handloom,"Address: Main Bazar, Bapoli, Bapoli, Panipat - 132104, Panipat",Phone: +919813679075,"Tags: Bed Sheet Manufacturers, Bed Sheet Retailers, Curtain Dealers"
Radhy Krishna Overseas,"Address: Shop No 6, Panipat HO, Panipat - 132103, Near By Jaganath Mandir","Phone: +919254233332, +919996587872","Tags: Bed Sheet Manufacturers, Curtain Dealers"
Poonam Furnishing,"Address: 920/7 Amair Kacheri, Panipat HO, Panipat - 132103, Near Amair Kacheri","Phone: +919215603335, +919728101920","Tags: Bed Sheet Manufacturers, Bed Sheet Retailers, Bed Sheet Wholesalers"
Jmd  Home Decor,"Address: 681/7 amar bhavan chowk, gurudwara road panipat, Panipat G T Road, Panipat - 132103, Near banke bihari mandir","Phone: +919729292926, +918930630186","Tags: Bed Sheet Manufacturers, Bed Sheet Retailers, Bed Sheet Wholesalers"
Dharam Textiles,"Address: Shop No. 280/7 Opp. Ram Mandir, Ugra Kheri Mod, Sanoli Road, Panipat City, Panipat - 132103",Phone: +918950188229,"Tags: Bed Sheet Manufacturers, Blanket Dealers, Blanket Wholesalers"
ITrend India???,"Address: Krishanpura, Krishanpura, Khanna Road, Krishanpura, Panipat - 132103",Phone: +919250300009,"Tags: Bed Sheet Manufacturers, Carpet Dealers"
Skice Decor Pvt Ltd,"Address: House No. 164, Ward No. 24, 8, Marla, Kranti Nagar, Marla, Panipat - 132103",Phone: +917206224617,"Tags: Bed Sheet Manufacturers, Bedspread Manufacturers, Curtain Manufacturers"
Solution Bajaj,"Address: 156- R, Model Town, Panipat - 132103, Near By Ram Lal Chowk","Phone: +918930088882, +918930088885, +918930088883","Tags: Bed Sheet Manufacturers, Bed Sheet Retailers, Handloom Retailers"
Jai Hanuman Handloom,"Address: Shop Number 13 First Floor, Pachranga Bazzar Ganpati Kambal Market, Panipat HO, Panipat - 132103",Phone: +919215208643,"Tags: Bed Sheet Manufacturers, Blanket Wholesalers, Handloom Retailers"
Shree Balaji Loomtex,"Address: Gali Number 3, Sanoli Road, Panipat - 132104, Baljeet Nagar, Opposite Malik Petrol Pump","Phone: 1802642683, +919896008683, +919991000591","Tags: Bed Sheet Manufacturers, Fabric Retailers, Handloom Manufacturers"
Rishaan Bedding Best Bedsheets And Blankets  Wholesaler And Manufacturer In Panipat And India,Address: 19 rishi colony sanoli road panipat,"Phone: 7206925509, 8221805445","Tags: Bed Sheet Manufacturers, Bed Sheet Wholesalers"
Anand Fabrics,"Address: 104, Sector 11, Panipat 03, Huda, S D College Road, Panipat - 132103, Near Pnb 15/23,Opposite 512",Phone: +919416201050,"Tags: Bed Sheet Manufacturers, Quilt Dealers, Sofa Cover Dealers"
Madhu Fabrics,"Address: 770/7, Daya Nand Road, Opposite Santosh Tex, Amar Bhawan Chowk, Panipat G T Road, Panipat - 132103, Panipat","Phone: 1802640682, +919253721179, +919255499507","Tags: Bed Sheet Manufacturers, Bed Sheet Retailers, Fabric Retailers"
Kanha Fab,"Address: Plot No 204, Huda, Panipat - 132104, Sector 29","Phone: +919812024768, +919896152260","Tags: Bed Sheet Manufacturers, Bed Sheet Retailers, Fabric Retailers"
E Business Dot,"Address: Plot No - 360, Second Floor, Sec- 25, Part 2, Panipat HO, Panipat - 132103","Phone: +919050274420, +919354744420","Tags: Bed Sheet Manufacturers, Curtain Manufacturers"
Aman Handloom,"Address: Shop No-141, Aggarwal Street, Gohana Road, Panipat, Panipat HO, Panipat - 132103","Phone: +919896073234, +919812116307","Tags: Bed Sheet Manufacturers, Carpet Manufacturers, Curtain Manufacturers"
Balaji Handloom,"Address: No. 797, Ward No. 3, Panipat - 132103, Near Prem Mandir",Phone: +919896008864,"Tags: Bath MAT Manufacturers, Bed Sheet Manufacturers, Curtain Manufacturers"
Radha Krishna Garments,"Address: Bhumia Khera Wali Gali, Bapoli, Bapoli, Panipat - 132104, Panipat",Phone: +919416481518,"Tags: Bed Sheet Manufacturers, Bed Sheet Retailers, Jeans Dealers"
Mayur handicrafts,"Address: plot No 12, mahavir colony jatal road, Panipat Gt Road, Panipat - 132103, near sanjay chowk","Phone: +919991009399, +919253200020","Tags: Bed Sheet Manufacturers, Blanket Dealers, Carpet Dealers"
B.S. Exports,"Address: Naultha, panipat, Gohana Road, Panipat - 132103",Phone: 1806452222,"Tags: Bed Sheet Manufacturers, Blanket Dealers, Blanket Manufacturers"
Yatharath Overseas,"Address: Sewah, Gt Road, Risalu Road, Panipat Gt Road, Panipat - 132103, Near G T Road","Phone: 1802575897, +919812400883, +919992600025","Tags: Bed Sheet Manufacturers, Carpet Dealers, Carpet Manufacturers"
MAB FAB (India),"Address: Near Ugarkhari Mor, Sanoli Road, Sanoli Road, Panipat - 132104, Panipat",Phone: 1802667066,"Tags: Bed Sheet Manufacturers, Carpet Dealers, Carpet Manufacturers"
Armin Industries,"Address: Plot No-94, HUDA Sector 29, Panipat - 132103, Part",Phone: +919812443914,"Tags: Bed Sheet Manufacturers, Blanket Manufacturers, Carpet Manufacturers"
Vipin Handloom Industries,"Address: 581/4, Amar Bhawan Chowk, Pachranga Bazar, Panipat - 132103, Panipat","Phone: 1804015771, +919050777654, +919359624009, +919997071196","Tags: Bed Sheet Manufacturers, Carpet Manufacturers, Handloom Retailers"
Silvertex Furnishing,"Address: Old Gohana Road, Gohana Road, Panipat - 132103, Behind Midtown Hotel, Near Sanjay Chowk","Phone: +918607341000, +919996212416, +919518641414","Tags: Bed Sheet Manufacturers, Carpet Manufacturers, Handloom Manufacturers"
Tanzil Creations,"Address: Shop No. 307/7, Ram Mandir Colony, Panipat Gt Road, Panipat - 132103, Near Amar Bhawan Chowk","Phone: +919215151967, 9355151967","Tags: Bed Sheet Manufacturers, Blanket Manufacturers, Carpet Manufacturers"
Geeta Exports,"Address: Barsat Road, Panipat - 132103, Village Noorwala, Near Mohit Nagar, Near Ansar Township","Phone: +919896325934, 9896325935","Tags: Bed Sheet Manufacturers, Carpet Manufacturers, Handloom Manufacturers"
Paramjiv Anand,"Address: Noorwala, Noorwala, Panipat - 132104, Opposite Ansal Township","Phone: 1802633666, 1806539533, +919215502008, +918930322799","Tags: Bed Sheet Manufacturers, Carpet Dealers, Carpet Manufacturers"
Home zara,"Address: house no - 636, Panipat Sector 11, Panipat - 132103, Near Shamshan Ghat","Phone: +918059044416, +919812234441","Tags: Bath MAT Manufacturers, Bed Sheet Manufacturers, Carpet Manufacturers"
Amritpal Textile Industry,"Address: Plot No 912/7, Pachranga Bazar, Pachranga Bazar, Panipat - 132103, Near By Sd College Road","Phone: +919991449933, +919991449989, +918950200016","Tags: Bed Sheet Manufacturers, Bed Sheet Wholesalers, Blanket Wholesalers"
Preet 3 International,"Address: gali no 6 plot no 9, sg, Panipat HO, Panipat - 132103, Near Fauji Dhaba",Phone: +919896432788,"Tags: Bath MAT Manufacturers, Bed Sheet Manufacturers, Carpet Manufacturers"
Neel Kamal Loomtek,"Address: Circular Road, Panipat - 132103",Phone: +917206821308,"Tags: Bed Sheet Manufacturers, Carpet Manufacturers, Door MAT Manufacturers"
R V Junction,"Address: Plot No 1746, Huda, Panipat - 132104, Huda Sector 18, Near Govt College","Phone: +917017085030, +917827431050","Tags: Bed Sheet Manufacturers, Carpet Manufacturers, Rug Manufacturers"
Chani Loomtex,"Address: 555/4, Circular Road, Panipat City, Panipat - 132103, Near Amar Bhawan Chowk","Phone: 1804012771, +919996636771","Tags: Bed Sheet Manufacturers, Blanket Wholesalers, Carpet Manufacturers"
Prince Overseas,"Address: Sanoli Road, Panipat HO, Panipat - 132103, Old Sabji Mandi, Near Sanjay Chowk & Hyderabadi Hospital","Phone: +919034014000, 9050790506","Tags: Bed Sheet Manufacturers, Carpet Manufacturers, Handloom Retailers"
Anand Loomtex,"Address: Ujha Road, Ujha Road, Panipat - 132104, Near Manav Sewa Kender,Sector-24","Phone: +919416286873, +919468225584","Tags: Bed Sheet Manufacturers, Carpet Manufacturers"
Rajpal Gupta,"Address: Gali No. 3, Ugrakheri Road, Panipat - 132103",Phone: +919050190100,Tags: Bed Sheet Manufacturers
Jayneel Textile,"Address: Marla Chouk, Marla, Jatal Road, Panipat - 132103, Near 8",Phone: +919996316300,"Tags: Bed Sheet Manufacturers, Carpet Dealers, Textile Retailers"
New Mahadev Texo Fab,"Address: Noorwala, Hari Singh Colony, Hari Singh Colony, Panipat - 132103",Phone: +917206624709,Tags: Bed Sheet Manufacturers
Harshit International,"Address: Urban Estate, Sector 12, 600, Near Sd Vidya Mandir, Panipat Gt Road, Panipat - 132103","Phone: +919896006655, +919466343963","Tags: Bed Sheet Manufacturers, Blanket Manufacturers, Woollen Blanket Manufacturers"
Bharat Tex,"Address: 928/3, Parasnath Road, Pachranga Bazar, Panipat - 132103, Near Pachranga Bazar Chowk","Phone: 1804021008, +919355557255","Tags: Bed Sheet Manufacturers, Cushion Manufacturers, Quilt Dealers"
Prem Crackers,"Address: Sector 13, 17, Panipat - 132103",Phone: +919034037403,Tags: Bed Sheet Manufacturers
The Divine International Inc,"Address: Building No. 10, Adarsh Colony Street, Sethi Chowk Area, Panipat - 132103",Phone: +919812491249,"Tags: Bath MAT Manufacturers, Bed Sheet Manufacturers"
kingstone creation,"Address: gali no8, Tehsil Camp, Panipat - 132113, bhawna chowk","Phone: +919996448064, 7206465036","Tags: Bath MAT Manufacturers, Bed Sheet Manufacturers, Mink Blanket Manufacturers"
Elegant FAB,"Address: HUDA Sector 25, Panipat - 132103",Phone: +919891496808,"Tags: Bed Sheet Manufacturers, Mattress Dealers"
Sarthak Handloom,"Address: Radha Yan Factory, Barsat Road, Panipat City, Panipat - 132103, Near Sachdeva Garden","Phone: +919034600333, +919996687077","Tags: Bed Sheet Manufacturers, Bed Sheet Retailers, Home Furnishing Manufacturers"
Siddharth Texstyles,"Address: Plot No. 467, Sector 29, Part 2, Chautala Road, HUDA, Panipat - 132103, Near By Flora Chowk",Phone: +917206287118,"Tags: Bed Sheet Manufacturers, Blanket Manufacturers, Woollen Blanket Manufacturers"
Maya Woollen Industry,"Address: 1832; Housing Road Colony, Sec 13/17, Panipat - 132103, Near Ansal Township",Phone: +919896626600,"Tags: Bed Sheet Manufacturers, Blanket Dealers, Blanket Wholesalers"
Garg Textiles,"Address: No.-224, Sector-25, Part-Ii, Sector-25, Panipat - 132103",Phone: +919896212901,"Tags: Bed Sheet Manufacturers, Textile Retailers"
Solitaire Home,"Address: G.T Road, Railway Road, Panipat - 132103, Opp Pillar No 43,",Phone: +918607777744,"Tags: Bed Sheet Manufacturers, Bed Sheet Wholesalers"
Tarun Handloom,"Address: 1, Lake Road, Narain Singh Park, Panipat - 132103, Near Shahid Bhagat Singh Library","Phone: +919467696323, +917015002552","Tags: Bed Sheet Manufacturers, Bed Sheet Retailers, Handloom Retailers"
Gourav Rugs,"Address: Sanoli Road, Gandhi Mandi, Panipat - 132103, Opp. Malik Petrol Pump,",Phone: +9101802641678,"Tags: Bath MAT Manufacturers, Bed Sheet Manufacturers, Textile Manufacturers"
Abhey Enterprises,"Address: No. 252 L, Model Town, Panipat - 132103",Phone: +919992200252,Tags: Bed Sheet Manufacturers
Shanta Textile,"Address: 854/sector 24, Near Amar Bhawan Chowk, Panipat HO, Panipat - 132103, Near Gujar","Phone: +919050100089, 9416019683","Tags: Bed Sheet Manufacturers, Handloom Manufacturers, Saree Manufacturers"
Ganesh Handlooms,"Address: Plot No 97, Huda Part 1, HUDA Sector 25, Panipat - 132103, Near Gt Karnal",Phone: +919991145999,"Tags: Bed Sheet Manufacturers, Bed Sheet Retailers, Handloom Retailers"
mukul handloom,"Address: Dushi Nagar H No 915 Ward No 12, Sanoli Road Gali No 12, HUDA Sector 12, Panipat - 132103","Phone: +918708643218, 9034882555","Tags: Bed Sheet Manufacturers, Handloom Manufacturers"
Shiv Handloom Industries,"Address: Plot No 64, Sanoli Road, Panipat - 132104, Opp Malik Petrol Pump","Phone: +919215560928, +919416012399","Tags: Bed Sheet Manufacturers, Handloom Manufacturers"
Hand Tex,"Address: 203 Jatal Road, Jattal Road, Panipat - 132103, Panipat","Phone: +9101802651547, +9101802652547, +919896600047","Tags: Bed Sheet Manufacturers, Handloom Manufacturers"
Bapu Textiles,"Address: Babail Rd, Panipat HO, Panipat - 132103, Bh Saluja Gas Godown",Phone: +919215511703,"Tags: Bed Sheet Manufacturers, Textile Manufacturers"
Pahuja Texo Feb,"Address: Khasra No 295/1, Krishna Nagar, Panipat City, Panipat - 132103, Ward No 11, Near Krishna Dharmshala","Phone: 1802645232, +919812300660, 9416315846","Tags: Bed Sheet Manufacturers, Bed Sheet Wholesalers"
Goyal Handloom Ind,"Address: Gali No-5, Sanoli Rd, Panipat HO, Panipat - 132103, Opp Capial Mkt, Dhoop Singh Mkt","Phone: +918053851000, +919355951000, +919315251000, +919315251001","Tags: Bed Sheet Manufacturers, Handloom Exporters"
Rugtex INDIA,"Address: Plot No 7, Barsat Road, Panipat City, Panipat - 132103, Near Pvr Mall",Phone: +919802813700,"Tags: Bed Sheet Manufacturers, Handloom Manufacturers"
R K Textiles,"Address: Shop No 831/7, Amar Bhwan Chowk, Panipat G T Road, Panipat - 132103, Panipat",Phone: +919416610864,"Tags: Bed Sheet Manufacturers, Bed Sheet Wholesalers, Textile Retailers"
Ganga INDIA,"Address: No. 24/31, Khanna Road, Panipat HO, Panipat - 132103, Opposite Sumit Skin Hospital",Phone: +919034400014,"Tags: Bed Sheet Manufacturers, Bed Sheet Wholesalers, Blanket Wholesalers"
N K Textiles,"Address: Shop No. 281/7, Amar Bhawan Chowk, Panipat City, Panipat - 132103",Phone: +919215601800,"Tags: Bed Sheet Manufacturers, Blanket Dealers, Blanket Wholesalers"
MAA Handloom,"Address: Ekta Vihar Colony, Ujha Road, Panipat City, Panipat - 132103, Near Rajendera School",Phone: +919017223825,"Tags: Bed Sheet Manufacturers, Bed Sheet Wholesalers"
Bansal Yarn,"Address: Shop No 13, Panipat - 132103, Near Dev Puri Road,Ganga Puri Market",Phone: +918930000388,"Tags: Bed Sheet Manufacturers, Bed Sheet Wholesalers, Carpet Dealers"
Om Elegant,"Address: Shop No 53, IBL School, Jogendar Net Wali Gali, Laxmi Market, Narain Singh Park, Panipat - 132103, Near Head Post Office",Phone: +919034811224,"Tags: Bed Sheet Manufacturers, Bed Sheet Wholesalers"
Docomo Textile,"Address: Saloni Road, Gali Number- 1, Gandhi Mandi, Panipat - 132103, Ganesh Nagar",Phone: +917206000099,"Tags: Bed Sheet Manufacturers, Bed Sheet Wholesalers"
L V Udyog,"Address: House Num782, 8 Marla Behind Sugar Mill Colony, Panipat Kranti Nagar, Panipat - 132103, Near Ganesh Spining Mill",Phone: +917206100888,"Tags: Bed Sheet Manufacturers, Bed Sheet Wholesalers, Blanket Wholesalers"
Eden Fabrics Pvt Ltd,"Address: Eden Plaza, Near Gohana Chowk, Panipat Gt Road, Panipat - 132103, G T Road","Phone: 1802660509, 1802660033, +919896333417, +919896078259","Tags: Bed Sheet Manufacturers, Bed Sheet Wholesalers"
Madhav Tex,"Address: 282/7, Sethi Chowk, Panipat - 132107, Opposite Sant Dwara Hari Mandir",Phone: +919416016813,"Tags: Bed Sheet Manufacturers, Bed Sheet Wholesalers"
tirupati handloom industry,"Address: dayananad road, near amar bhawan chouck, panipat, Panipat City, Panipat - 132103, near dayananad road ,amar bhawan chouck","Phone: 1804007486, +919416017100, +919416018100","Tags: Bed Sheet Manufacturers, Bed Sheet Wholesalers"
Fashion Craft,"Address: 137-R, Model Town, Panipat - 132103","Phone: 1804018601, 1804019601, 1804010789, 1804010160, +919215599905","Tags: Bed Sheet Manufacturers, Bed Sheet Retailers, Bed Sheet Wholesalers"
Unique  Loon tech pvt ltd,"Address: Jattal Road, Panipat - 132103, Near Railway Crossing","Phone: 1802667239, +919354923858","Tags: Bed Sheet Manufacturers, Bed Sheet Wholesalers"
G. R. V. Industries,"Address: Plot No. 11-B, Sector-25, Part-2, Huda, PANIPAT - 132104, Huda",Phone: +919896858882,"Tags: Bed Sheet Manufacturers, Bed Sheet Retailers"
Style and Colours – Bajaj Textiles,"Address: Plot 285, Sector 29, Part-2, Huda Industrial Area, Panipat - 132103","Phone: +918930360006, +919050071132","Tags: Bed Sheet Manufacturers, Bed Sheet Wholesalers"
Pragmus Enterprises,"Address: Kumar Bulan Market, Pachranga Bazar Office No. 41, Model Town, Panipat - 132103, Model Town",Phone: +918968018266,Tags: Bed Sheet Manufacturers
Green Fabrics,"Address: Chandni Bagh, Sanoli Road, Panipat - 132103",Phone: +919996533355,"Tags: Bath MAT Manufacturers, Bed Sheet Manufacturers, Door MAT Manufacturers"
Pn Fabrics,"Address: Plot No 100 Sec 29 Part 1 Huda Panipat, Sec 29 Part 1, Panipat - 132103",Phone: +919896649177,Tags: Bed Sheet Manufacturers
Gourav Handloom Textile,"Address: 649/6, Khail Bazar, Panipat HO, Panipat - 132103, Near-Sethi Chowk","Phone: +917015973193, +918950509592, +918708533034","Tags: Bed Sheet Manufacturers, Fleece Blanket Dealers"
Pahariya Enterprises,"Address: Old Gohana Road, Gohana Road, Panipat - 132103, Near Khatik Basti",Phone: +918168375736,"Tags: Bed Sheet Manufacturers, Blanket Manufacturers, Woollen Blanket Manufacturers"
Shiv International,"Address: House Number 101, Jattal Road, Panipat Gt Road, Panipat - 132103, Krishna Nagar, Near Chaudhary Hospital","Phone: +919034225261, 9034680602",Tags: Bed Sheet Manufacturers
Rugs India,"Address: Vikas Nagar, Panipat - 132103, Virat Nagar",Phone: +917015096028,"Tags: Bed Sheet Manufacturers, Carpet Dealers, Sofa Cover Dealers"
Sidhi Vinayak Textile,"Address: Shop No. 80, 81 Truck Union, Panipat Sector 25 Part 1, Panipat - 132103, Near Fire Brigde Office",Phone: +917206889186,Tags: Bed Sheet Manufacturers
Hsr Collection,"Address: Plot No. 1604, Nhbc, New Housing Board Colony, Panipat - 132103, Near Paruthi Chowk Sai Baba Chowk",Phone: +919812310797,Tags: Bed Sheet Manufacturers
Durvesh Overseas,"Address: No. 382, Model Town, Model Town, Panipat - 132103, Behind Ahuja Sweet",Phone: +918950666691,Tags: Bed Sheet Manufacturers
Pahwa Handloom House,"Address: 26 D, Jawhar Nagar, Tehsil Camp, Tehsil Town, Panipat - 132103",Phone: +917027541119,"Tags: Bed Sheet Manufacturers, Handloom Retailers"
Saawaan Creations,"Address: Shop No. 280/14, Ganga Puri Road, Panipat - 132103",Phone: +919812424241,Tags: Bed Sheet Manufacturers
Viva Decor Enterprises,"Address: Fort Panipat, Fort, Panipat - 132103",Phone: +919991810024,"Tags: Bed Sheet Manufacturers, Door MAT Manufacturers"
Radha Madhav Texo Fabs,"Address: 481/7, Near Amar Bhavan Chowk, Panipat City, Panipat - 132103","Phone: +918816836831, 9588320121",Tags: Bed Sheet Manufacturers
Udit Textiles,"Address: Ram Mandir Gali Amar Chauk, Panipat - 132103",Phone: +918950208858,Tags: Bed Sheet Manufacturers
Gurbachan Singh &amp;sons,"Address: Factory Add. Plot No. 5, Behind Old Subzi Mandi, Panipat City, Panipat - 132103",Phone: +919729431313,Tags: Bed Sheet Manufacturers
Vishwakarma Impex,"Address: Office No- E-66, Industrial Area, Model Town, Panipat - 132103, Near Railway Crossing , Kaccha Kabri Phatak","Phone: 1802650774, +919254213614, 9254210614","Tags: Bed Sheet Manufacturers, Handloom Manufacturers, Home Furnishing Manufacturers"
Subhash,"Address: G T Road, Panipat HO, Panipat - 132103, Near Police Line",Phone: +919896721133,Tags: Bed Sheet Manufacturers
Baldev Textile,"Address: House No.167/10, Panipat - 132103",Phone: +917206548290,Tags: Bed Sheet Manufacturers
Asha Furnishing,"Address: Home No. 2637, New Housing Board Colony, Jali Wala Karkhana, Panipat - 132103",Phone: +919896340623,"Tags: Bed Sheet Manufacturers, Home Furnishing Retailers, Mink Blanket Manufacturers"
O P Gaba Industries,"Address: House No. 427/10, Ward No. 11, Panipat - 132103",Phone: +918950335253,Tags: Bed Sheet Manufacturers
Jai Shri Sitaram Handloom,"Address: No. 2827, Nhbc, Panipat - 132103, Near New Sabji Mandi",Phone: +919050421019,"Tags: Bath MAT Manufacturers, Bed Sheet Manufacturers, Handloom Retailers"
Anunay Enterprises,"Address: 89, Model Town, Panipat - 132103, Virat Nagar","Phone: 1802575525, 1804013552, +919812026529","Tags: Bed Sheet Manufacturers, Curtain Dealers, Curtain Manufacturers"
Home Comfort Texo Fab (Head Office),"Address: 25 B, Assandh Road, Panipat - 132103, Naryan Singh Park","Phone: 1804012330, +919813031560, +919896684253, +918950031560","Tags: Bed Sheet Manufacturers, Cushion Manufacturers, Towel Manufacturers"
welcom elevator,"Address: Harmilap Handloom Industries Secter 462 Part 2 Harmilap Handloom Industries Secter 462 Part 2, Amar, Panipat - 132103","Phone: +919255530687, 9034749080",Tags: Bed Sheet Manufacturers
Lakshay Fabrics,"Address: Sanoli Road, Panipat City, Panipat - 132103, Near New Subji Mandi","Phone: 1802655707, 1802635098",Tags: Bed Sheet Manufacturers
Hero Handloom,"Address: Panipat HO, Panipat - 132103",Phone: +919516001721,"Tags: Bed Cover Manufacturers, Bed Sheet Manufacturers"
Naman Taxo Fab,"Address: Shop No - 106, New Yarn Market, Geeta Mandir Road, Panipat - 132103, Near Ganga Puri Road",Phone: +919254400248,"Tags: Bed Sheet Manufacturers, Mink Blanket Manufacturers"
Home Decor,"Address: Plot # 29, Sector - 29 Part-1 HUDA, HUDA Sector 29, Panipat - 132103, Huda Industrial Area,","Phone: 1802667472, +917206050472","Tags: Bed Sheet Manufacturers, Curtain Manufacturers, Home Furnishing Manufacturers"
Mittal Processors Pvt Ltd,"Address: Plot No. 275, Main Road, HUDA Sector 29, Panipat - 132103",Phone: +919896000265,"Tags: Bath MAT Manufacturers, Bed Sheet Manufacturers"
Adarsh Handloom Pvt Ltd,"Address: Plot No- 84, Sec- 29 Part 2, Industrial Area, Panipat HO, Panipat - 132103","Phone: +919896700222, +919896000061, +919050739933","Tags: Bed Sheet Manufacturers, Handloom Manufacturers"
Shree Maya Handloom Industry,"Address: House No 238 A Block, HUDA Sector 12, Panipat - 132103, Hu8da Sector 11, Nearhousing Borad","Phone: +919896315725, 9896635021","Tags: Bed Sheet Manufacturers, Door MAT Manufacturers, Handloom Manufacturers"
Shivam Furnishing,"Address: Tehsil Road, Panipat - 132103, Near sai mandir","Phone: +919812209999, 9813618158","Tags: Bed Sheet Manufacturers, Carpet Manufacturers, Handloom Manufacturers"
Shankar Textile,"Address: Bbail Road, Panipat HO, Panipat - 132103, Tej Vihar Colony, Behind Jain Shoe Factory","Phone: +919416951499, +919215370007","Tags: Bed Sheet Manufacturers, Handloom Manufacturers"
Priyanshi Enterprises,"Address: 611, New Diwan Nagar, Model Town, Model Town, Panipat - 132103, Near Government School",Phone: +918059588750,"Tags: Bed Sheet Manufacturers, Carpet Dealers, Curtain Manufacturers"
Kataria Handloom Ind.,"Address: 9/7 Sd Collage, Panipat Gt Road, Panipat - 132103, Opp PNB","Phone: +919416334456, +919896202737","Tags: Bed Sheet Manufacturers, Curtain Manufacturers, Sofa Cover Dealers"
Lakshay Textile,"Address: 824/7, Circular Rd, Panipat HO, Panipat - 132103, Nr Amar Bhawan Chowk","Phone: +919215601068, 9255481613","Tags: Bed Sheet Manufacturers, Bed Sheet Retailers, Handloom Manufacturers"
The Divine Group,"Address: 501/8, Chadhau Mohalla, Panipat, Chadhau Mohalla, Sanoli Road, Panipat - 132103, Near Sethi Chowk",Phone: +917015383743,"Tags: Bed Sheet Manufacturers, Curtain Manufacturers"
Tushar Fabric,"Address: Shop no-480, Ward No 8, Charau Mohalla, sethi chawk, Panipat HO, Panipat - 132103, Near Sajan Bakery","Phone: +919215544325, +919253024143","Tags: Bed Sheet Manufacturers, Curtain Manufacturers, Handloom Manufacturers"
Jmd Textile Industries,"Address: Gurunank Pura, Plot No 1100, Asand Road, Panipat - 132103, Near Radha Madhav Mandir",Phone: +918168491159,"Tags: Bed Sheet Manufacturers, Textile Industries"
Molly handloom,"Address: House No 7, Ward No 8, Amar Bhawan Chowk, Panipat HO, Panipat - 132103, Panipat",Phone: +919253282600,"Tags: Bed Sheet Manufacturers, Handloom Manufacturers"
Anand International,"Address: Rishalu Road, Panipat Sector 24, Panipat - 132103, Near Chandni Bagh Police Station","Phone: +919996024002, 7056400001","Tags: Bed Sheet Manufacturers, Handloom Manufacturers, Handloom Retailers"
Laj Handlooms,"Address: plot no 333/21, Gangapuri road, Panipat HO, Panipat - 132103, near Sanjy chowk","Phone: +919068506007, +919896904949","Tags: Bed Sheet Manufacturers, Handloom Manufacturers"
Prem Handlooms,"Address: Chandni Bhag, Panipat HO, Panipat - 132103, Katariya Mandir, Prem Bhudhani Ki Factory","Phone: +919812311495, +919812550260","Tags: Bed Sheet Manufacturers, Handloom Manufacturers"
Vinay Handloom Industries,"Address: Shop no. 12, Maharaja Agrasen Kambal Market, Palika Bazar, Panipat - 132103, Near Hanuman Mandir",Phone: +918708385650,"Tags: Bed Sheet Manufacturers, Handloom Manufacturers"
Kishan Lal,"Address: 883/3, Panipat HO, Panipat - 132103, Near Prem Mandir","Phone: +919416324023, +919253446979","Tags: Bed Sheet Manufacturers, Handloom Manufacturers"
Mansa Textiles,"Address: shop no 7, Devpuri Road, Panipat HO, Panipat - 132103, behind ganga garden","Phone: 1804017376, +918168883874, +919812340376","Tags: Bed Sheet Manufacturers, Handloom Manufacturers"
Hanumant Textile,"Address: 813/7, Guru Ravidass Road, New Hb Colony, Panipat - 132103, Amar Bhawan Chowk,Near SD College","Phone: +919729712365, +919354910125","Tags: Bed Sheet Manufacturers, Handloom Manufacturers"
Shop On Rock,"Address: # 59 Krishna Nagar, Gali No 6, Model Town, Panipat - 132103, Near Bala Ji Chowk",Phone: +919813650049,"Tags: Bed Sheet Manufacturers, Handloom Manufacturers, Towel Manufacturers"
Shivani Handloom,"Address: Kutani Road, Panipat - 132103, Ashok Vihar Colony, Near Pehlwan Chowk","Phone: +919215618170, 9416018170, 9802809000, 9034464033","Tags: Bed Sheet Manufacturers, Bed Sheet Retailers, Handloom Retailers"
Sharda Textile,"Address: House No. 9521, Babail Road, Babail, Panipat - 132103, Near Gyan Deep School",Phone: +918529220598,"Tags: Bed Sheet Manufacturers, Handloom Manufacturers, Sofa Cover Dealers"
Devine Creations,"Address: Plot No.82 Sec 25 Hudda Part 2, HUDA Sector 25, Panipat - 132103, Near Sales Tax Office","Phone: 1804020555, +919671200555, 9896750000","Tags: Bed Sheet Manufacturers, Handloom Manufacturers"
Webco Handloom goods,"Address: Shop No.283 7, Near Amar Bhawan Chowk, Panipat Gt Road, Panipat - 132103, Panipat","Phone: +919416205141, 9896084709","Tags: Bed Sheet Manufacturers, Handloom Manufacturers"
Nagpal Loom Tex,"Address: Barsat Road, Panipat - 132103, Near Petrol Pump,Vikas Nagar",Phone: +919812300814,"Tags: Bed Sheet Manufacturers, Blanket Manufacturers, Handloom Manufacturers"
M. Ilyas Ansari,"Address: Near Bharat Gas Godown, Hali Colony, Panipat HO, Panipat - 132103, Panipat","Phone: +919812569915, 8053799533","Tags: Bed Sheet Manufacturers, Handloom Manufacturers"
S.C. Handloom Industry,"Address: 141/4, Purbain Ghati, Near Hanuman Mandir, Pachranga Bazar, Panipat - 132103, Panipat",Phone: +919896237955,"Tags: Bed Sheet Manufacturers, Handloom Manufacturers"
Aayush Handloom,"Address: Agarwal Market Shop No 2, Dhari Chowk, Panipat - 132103, Near Hanuman Mandir",Phone: +919896154371,"Tags: Bed Sheet Manufacturers, Handloom Manufacturers, Handloom Wholesalers"
Nav Durga Fabrics,"Address: House Number-120, Panipat City, Panipat - 132103, Near Reliance Tower, Babar Pur Mandi","Phone: +919416656920, +919728034434, +919996014056","Tags: Bed Sheet Manufacturers, Handloom Manufacturers"
SAI Baba Handloom,"Address: 890/8, Israna, Panipat - 132103, Behind LAL Masjid",Phone: +918123487270,"Tags: Bath MAT Manufacturers, Bed Sheet Manufacturers, Handloom Manufacturers"
Landing Tree,"Address: Plot.370, Sec 25 Part 2, NH1, HUDA Sector 25, Panipat - 132103, Near, Mohan Motors","Phone: +919810711402, 9215557797","Tags: Bed Sheet Manufacturers, Handloom Manufacturers"
P M Brapes,"Address: shop no 117, sanatan dharam colg road, Panipat HO, Panipat - 132103, behind pnb","Phone: +919215511650, 9215522650","Tags: Bed Sheet Manufacturers, Handloom Manufacturers"
Gyatri Industry,"Address: Gali No.4 Ganesh Nagar, Sanoli Road, Panipat - 132104, Chandani Bagh Panipat","Phone: 1804009486, +919896215715","Tags: Bath MAT Manufacturers, Bed Sheet Manufacturers, Handloom Manufacturers"
Shiv Hari Texo,"Address: sandeep chowk, Kutani Road, Panipat - 132103, Near Fateh Handloom","Phone: 1802611036, +919416034035","Tags: Bed Sheet Manufacturers, Handloom Manufacturers"
Navneet Handloom Pcis LTD,"Address: Street no.5, Baljeet Nagar, Sanoli Road, Panipat - 132104, opp. malik petrol pump","Phone: +919991310010, 9416276727","Tags: Bed Sheet Manufacturers, Handloom Manufacturers"
Adrash Handloom &amp; Handicraft,"Address: 138, 3D College Road, Panipat G T Road, Panipat - 132103","Phone: 1804007727, +919253187041","Tags: Bed Sheet Manufacturers, Handloom Manufacturers"
Tanisha Handloom,"Address: 367/7, Sanoli Road, Panipat - 132104, Near Ram Mandir","Phone: +919467312223, 9466033758","Tags: Bed Sheet Manufacturers, Handloom Manufacturers, Handloom Wholesalers"
shree giriraj handloom house,"Address: Jaurasi Road, Samalkha, Samalkha, Panipat - 132101, Panipat","Phone: +919215700083, +919896433669","Tags: Bed Sheet Manufacturers, Bed Sheet Retailers, Handloom Retailers"
Asha Handloom,"Address: Shop No 377/7, Near Ram Mandir, Sethi Chowk, Panipat - 132107, Panipat","Phone: +917206200072, +919416801209","Tags: Bed Sheet Manufacturers, Handloom Manufacturers"
M.A. Textiles,"Address: 324/7, Sethi Chowk, Sethi Chowk, Panipat - 132107, Panipat","Phone: +919017192152, +919760643414","Tags: Bed Sheet Manufacturers, Handloom Manufacturers"
Hargovind Creations,"Address: Plot No 52 Part 2, Industrial Aera, HUDA Sector 29, Panipat - 132103, Near Days Hotel",Phone: +918708412700,"Tags: Bed Sheet Manufacturers, Bed Sheet Wholesalers, Mink Blanket Manufacturers"
Malik Handloom,"Address: Woard No 11, Saini Colony, Panipat HO, Panipat - 132103, Opp. SR Petrol Pump","Phone: +918708116167, +919034271020","Tags: Bed Sheet Manufacturers, Blanket Wholesalers, Woollen Blanket Manufacturers"
Anand Textile,"Address: Shop No 8/7 SB College Road, Panipat City, Panipat - 132103, Opp PNB Bank",Phone: +919034266830,"Tags: Bed Sheet Manufacturers, Handloom Manufacturers"
Rajhans Handloom Industries,"Address: 948/11, Kutani Road, Kutani Road, Panipat - 132103, Kakkar Chowk","Phone: 1804003580, +919416004466, +919812100789","Tags: Bed Sheet Manufacturers, Bed Sheet Wholesalers, Handloom Wholesalers"
Saluja Handloom Industries,"Address: Raj Nagar, Panipat City, Panipat - 132103, Krishan Pura","Phone: 1802669049, +919813203611","Tags: Bed Sheet Manufacturers, Handloom Manufacturers"
Lovely Handloom,"Address: Plot No.281 Sec-29, HUDA, Panipat - 132103","Phone: +917082961944, +919215700367, +919215700339","Tags: Bed Sheet Manufacturers, Handloom Manufacturers"
Deepika Textiles,"Address: Shop Number- 146, S D College Road, Panipat HO, Panipat - 132103",Phone: +918950312792,"Tags: Bed Sheet Manufacturers, Bed Sheet Retailers, Handloom Retailers"
Shree Shiv Shakti,"Address: Sg Collgeg Road, Panipat - 132102, Amar Chowk Sd Collgeg Shop No 481/4","Phone: +919991145999, 7357666999","Tags: Bed Sheet Manufacturers, Handloom Manufacturers"
Bolenath Handloom,"Address: Bhawna Chowk, Desraj Colony, Desraj Colony, Panipat - 132103, Dist. Panipat, Haryana Call 9991990332, Panipat - 132103",Phone: +919991990332,"Tags: Bed Sheet Manufacturers, Door MAT Manufacturers, Handloom Retailers"
Anshul Global Trade,"Address: No. 104/7, Friends Lane, Kutani Road, Panipat - 132103",Phone: +919812100744,"Tags: Bed Sheet Manufacturers, Yarn Manufacturers"
Shivam Handloom,"Address: Amar Bhawan Chowk, Panipat - 132103",Phone: +919729085665,"Tags: Bed Sheet Manufacturers, Handloom Retailers, Sofa Cover Dealers"
Ashok Textiles,"Address: 28, Panipat HO, Panipat - 132103, Kumar Woollen Market","Phone: +919896388041, +919812079400","Tags: Bed Sheet Manufacturers, Blanket Dealers, Handloom Retailers"
Sonal Handloom,"Address: Devpuri Road, Panipat - 132103",Phone: +919354169325,"Tags: Bed Sheet Manufacturers, Door MAT Manufacturers, Handloom Retailers"
Clean And Clear India,"Address: Plot No 76 Baljeet Nagar, Gali No. 10, Sanoli Road, Panipat HO, Panipat - 132103, Opposite Malik Petrol Pump",Phone: +919034167056,"Tags: Bath MAT Manufacturers, Bed Sheet Manufacturers, Blanket Manufacturers"
Ajit Fabrics,"Address: 813/7 Guru Ravi Dass Road, Panipat HO, Panipat - 132103, Near Pnb Bank",Phone: 1802631208,"Tags: Bed Sheet Manufacturers, Carpet Dealers, Fabric Manufacturers"
Sahil Fabric &amp; Furnishing,"Address: Shop No 4/5, Baba Gangapuri Road, Panipat City, Panipat - 132103, Opposite to Panipat Gas Agency","Phone: +919416009091, 9215511076","Tags: Bed Sheet Manufacturers, Bed Sheet Wholesalers"
Anshul Fibers,"Address: Barsat Road, Panipat - 132103, Near Chungi,Ooposit Ganpati Carpet",Phone: +919416010557,"Tags: Bed Sheet Manufacturers, Blanket Manufacturers, Blanket Wholesalers"
Shiva Tex,"Address: 501, Circular Road, Pachranga Bazar, Panipat - 132103",Phone: +919896074465,"Tags: Bed Sheet Manufacturers, Blanket Dealers, Blanket Manufacturers"
Mis Traders,"Address: Factory No 495, Sector 25 Part 2, Panipat City, Panipat - 132103, Near Tempo Stand","Phone: +919034313028, +919997296032","Tags: Bed Sheet Manufacturers, Blanket Manufacturers, Mink Blanket Manufacturers"
Ashoka Handlooms,"Address: Mahaveer Colony, Panipat HO, Panipat - 132145","Phone: 1802630980, 1804002980, +919896430980","Tags: Bed Sheet Manufacturers, Blanket Manufacturers, Woollen Blanket Manufacturers"
Asain Sales Corporation,"Address: 499-500/4, Circular Road, Near Amar Bhawan Chowk, Panipat G T Road, Panipat - 132103, Panipat","Phone: +919992020727, 8950016772","Tags: Bed Sheet Manufacturers, Blanket Dealers, Blanket Manufacturers"
Parth Exports,"Address: B.No. 532, Panipat City, panipat - 132103, Near Hanuman Cho3",Phone: +918901155551,"Tags: Bed Sheet Manufacturers, Blanket Wholesalers"
Jbg Home Store,"Address: 596/7, 1st Floor, Dayanand Road, Panipat City, Panipat - 132103",Phone: +919818576599,Tags: Bed Sheet Manufacturers
Krishna Rugs,"Address: Gohana Road, Panipat - 132103, Behind R K Dyeing House, Shiv Nagar","Phone: 1804001601, +919996040001, 9728514399","Tags: Bed Sheet Manufacturers, Blanket Manufacturers, Blanket Wholesalers"
Aspire World,"Address: 44/24, Panipat HO, Panipat - 132103, Nr Jatal Rd,Shakti Ngr,","Phone: 1804021654, +919215538321, +919873654621","Tags: Bed Sheet Manufacturers, Towel Manufacturers"
Gauri Home Creation,"Address: Sector 29, Part 2, Panipat - 132103",Phone: +919811822569,"Tags: Bed Sheet Manufacturers, Curtain Dealers, Rug Manufacturers"
Global Engineers,"Address: Nangal Kheri, Panipat - 132103",Phone: +918930122466,"Tags: Bed Sheet Manufacturers, Sofa Cover Dealers"
Surprise Enterprises,"Address: Sanjay Chowk, Jattal Road, Jattal Road, Panipat - 132103",Phone: +919671117111,"Tags: Bath MAT Manufacturers, Bed Sheet Manufacturers"
JSR Textiles,"Address: 1610 B, Geeta Mandir Road, Panipat - 132103, Sector 24",Phone: +919518812289,"Tags: Bed Sheet Manufacturers, Bed Sheet Wholesalers, Carpet Manufacturers"
Gulati Furnishing,"Address: 305/10, Chawla Colony, Panipat - 132103, Near Ram Lal School","Phone: +919034672122, 7015643818",Tags: Bed Sheet Manufacturers
Krishnam Home Desires,"Address: Ram Lal Chowk, Model Town, Model Town, Panipat - 132103",Phone: +919813291523,"Tags: Bed Sheet Manufacturers, Sofa Cover Dealers"
Pankaj Kalra Industries,"Address: Adarsh Colony, Netaji Colony, Sanoli Road, Sanoli Roadgangapuri Road, Panipat - 132103",Phone: +919896708804,"Tags: Bed Sheet Manufacturers, Carpet Dealers, Prayer MAT Manufacturers"
N K Handloom,"Address: Shop No84, V.P.o, Bapoli, Panipat - 132104, Bapoli",Phone: +918799900008,"Tags: Bath MAT Manufacturers, Bed Sheet Manufacturers, Printed Cushion Cover Manufacturers"
A N Texo FAB,"Address: Baba Ganga Puri Road, Gali No.6, Kataria Colony, Panipat Sector 11, Panipat - 132103","Phone: +919215700836, +919896028530","Tags: Bed Sheet Manufacturers, Home Furnishing Retailers"
Asr Enterprises,"Address: Gohana Morh, Khanna Road, Panipat HO, Panipat - 132103, Opposite Soni Hospital","Phone: +919050000742, 8818000742","Tags: Bath MAT Manufacturers, Bed Sheet Manufacturers, Door MAT Manufacturers"
Raj Enterprises,"Address: Krishan Pura, Panipat, Panipat HO, Panipat - 132103, Near Water Tank","Phone: +919253188242, 9991888580","Tags: Bed Sheet Manufacturers, Mink Blanket Manufacturers"
Sc Fabrics,"Address: Pachranga Bazara, Pachranga Bazar, Panipat - 132103, Near Hanuman Mandir",Phone: +918295170739,"Tags: Bed Sheet Manufacturers, Carpet Dealers, Door MAT Manufacturers"
Pihu Textile,"Address: 16, Tej Colony, Tehsil Town, Panipat City, Panipat - 132103",Phone: +919802210057,"Tags: Bed Sheet Manufacturers, Carpet Dealers"
Golden Floor Furnishing Pvt Ltd,"Address: G.T. Road, Milestone No. 82, Opposite, Sanjay Gandhi Eye Hospital, Sewah, Panipat- 132103, Panipat Gt Road, Panipat - 132103",Phone: +919896904733,"Tags: Bath MAT Manufacturers, Bed Sheet Manufacturers, Blanket Manufacturers"
Taneja Traders,"Address: House No -464, Ward No -11, Rani Mahal, Ward No -11, Panipat - 132103",Phone: +918950146093,"Tags: Bed Sheet Manufacturers, Door MAT Manufacturers"
Ess Ess Fabs,"Address: 8 rishi colony, Sanoli road, Sanoli Road, Panipat - 132104, Near davindra hotel",Phone: +919896027775,"Tags: Bed Sheet Manufacturers, Mink Blanket Manufacturers"
Mil Furnishings,"Address: Shop No. 4, Haryana Market, Gt Road, Panipat - 132103",Phone: +919344500003,"Tags: Bed Sheet Manufacturers, Carpet Dealers"
Manglam Fabs,"Address: Panipat Hariyana, Panipat, Faridabad 132103, . Faridabad, Ujha Road, Ujha, Panipat - 132103",Phone: +918295955722,"Tags: Bed Sheet Manufacturers, Carpet Dealers, Curtain Manufacturers"
The Rekart Bazzar,"Address: Shop No99, Gohana Mod, Khana Road, Panipat - 132103",Phone: +918199837000,"Tags: Bed Sheet Manufacturers, Carpet Dealers"
Yashraj Overseas,"Address: 157, Sector 25, Phase Ii, Panipat - 132103, Industrial Area",Phone: +918222900066,"Tags: Bath MAT Manufacturers, Bed Sheet Manufacturers, Towel Manufacturers"
Hira Handloom,"Address: Barshat Road, Panipat - 132103, Noorwala",Phone: +919254002500,"Tags: Bath MAT Manufacturers, Bed Sheet Manufacturers, Curtain Dealers"
Freshway Solutions,"Address: No. 176, Idgah Colony, Model Town, Panipat - 132103",Phone: +918053932805,"Tags: Bath MAT Manufacturers, Bed Sheet Manufacturers"
Bvm Handicrafts,"Address: Des Raj Colony, Desraj Colonyn, Panipat - 132103",Phone: +919896119822,"Tags: Bath MAT Manufacturers, Bed Sheet Manufacturers, Printed Cushion Cover Manufacturers"
Grover Hand Art,"Address: Ram Nagar, Babail Road, Babail, Panipat - 132103, Shiv Mandir",Phone: +919991258304,"Tags: Bath MAT Manufacturers, Bed Sheet Manufacturers, Door MAT Manufacturers"
Hometex 24,"Address: House Number- 192-A, Kacha Camp, Hari Nagar, Panipat - 132103",Phone: +918930023900,"Tags: Bath MAT Manufacturers, Bed Sheet Manufacturers"
Giridhar Home Furshining,"Address: #193, Green Park, Tehsil Town, Tehsil Town, Panipat - 132103, Near Devi Mandir Area",Phone: +918288887380,"Tags: Bath MAT Manufacturers, Bed Sheet Manufacturers, Curtain Manufacturers"
Saurab Home Fashion,"Address: 616/7, Panipat, Gurgaon 132103, . Gurgaon, Dayanand Road, Panipat - 132103, Opposite Veterinary Hospital. Dayanand Road Panipat",Phone: +919671800082,"Tags: Bath MAT Manufacturers, Bed Sheet Manufacturers, Door MAT Manufacturers"
Tanisha Intl,"Address: Gandhi Mandi, Panipat - 132103, Shiv nagar,behind cold store","Phone: +9101804002711, +919896594990","Tags: Bath MAT Manufacturers, Bed Sheet Manufacturers, Cushion Cover Manufacturers"
Sangat Overseas,"Address: Ground Floor, Purewal Colony, Panipat HO, Panipat - 132103, Near Malik Garden","Phone: +9101802653214, +919812143313","Tags: Bath MAT Exporters, Bed Sheet Manufacturers, Bed Sheet Retailers"
Anjananadan Enterprises,"Address: Panipat HO, Panipat - 132103",Phone: +919813832600,"Tags: Bed Sheet Manufacturers, Blanket Cover Manufacturers, Cushion Cover Manufacturers"
Cosmic Rugs,"Address: Plot No. 137, Sector 29 Huda, Huda, Panipat - 132104",Phone: 1802665531,"Tags: Bath MAT Manufacturers, Bed Sheet Manufacturers, Fabric Manufacturers"
Ram Sham Home Products,"Address: Gali Number- 10, Gandhi Mandi, Panipat - 132103, Opposite Malik Petrol Pump ,Baljeet Nagar, Uggra Kheri","Phone: +919996996696, 9416316151","Tags: Bed Sheet Manufacturers, Sofa Cover Dealers"
Teriveni Textiles,"Address: Sonoli Road, Panipat Ho, Panipat - 132103, Ugrah Kheri Moad",Phone: +919416017738,"Tags: Bed Sheet Manufacturers, Sofa Cover Dealers"
Vrindavan Textile,"Address: Kishan Pura Shiv Nagar, Panipat - 132103, Near Cold Store",Phone: +919215818887,Tags: Bed Sheet Manufacturers
Ambika TEX FAB Pvt Ltd,"Address: Shop -99, Sd College Road, Panipat City, Panipat - 132103, Near Sd College",Phone: +919996977709,Tags: Bed Sheet Manufacturers
Gagan Textile,"Address: Dev Puri Road, HUDA Sector 12, Panipat - 132103, Behind Ganga Garden","Phone: +919992003000, +919671111196, +919896352052",Tags: Bed Sheet Manufacturers
Pehalwan Traders,"Address: Near Amar Bhavan, Shop No 503, Bhim Goda Chowk, Chowk Plot No. 36, Scheme No. 19, Panipat 03, B, Panipat - 132103, Opposite Ahuja Furniture Sanoli Road",Phone: +917056900035,Tags: Bed Sheet Manufacturers
Naman Furnishing,"Address: Shop No 3, Kishanpura, Kishanpura, Panipat - 132103, Near Shiva Shiksha Sadan School",Phone: +918607527000,"Tags: Bed Sheet Manufacturers, Curtain Dealers, Curtain Manufacturers"
Mahajan Overseas Pvt Ltd,"Address: Plot No : 15 Industrial Area, Plot No : 15 Industrial Area, Panipat - 132103",Phone: 1804090500,"Tags: Bed Sheet Manufacturers, Curtain Manufacturers"
Mahima Traders,"Address: 322, Jawahar Nagar, Ahar, Panipat - 132103",Phone: +919315990600,"Tags: Bed Sheet Manufacturers, Door MAT Manufacturers"
Gobind handloom industry,"Address: 464/4, Amar Bhawan Chowk, Panipat HO, Panipat - 132103, Panipat",Phone: +919138925410,"Tags: Bed Sheet Manufacturers, Handloom Retailers"
New India Export Company,"Address: E29 Bisleriya Hall, Bisleriya Hall, Panipat - 132103",Phone: +918950000986,"Tags: Bed Sheet Manufacturers, Door MAT Manufacturers"
Chand Loomtex,"Address: 124/2, Panipat City, Panipat - 132103, Raj Clny,Nr New Subzi Mandi",Phone: +919254579441,"Tags: Bed Sheet Manufacturers, Handloom Manufacturers, Handloom Retailers"
Karan Textile,"Address: Chawla Colony, Chawla Colony, Panipat - 132103",Phone: +917206770670,"Tags: Bed Sheet Manufacturers, Carpet Dealers, Door MAT Manufacturers"
Lara Collection,"Address: House No. 333/10, Chawla Colony, Kutani Road, Kutani Road, Panipat - 132103",Phone: +919896324407,"Tags: Bed Sheet Manufacturers, Curtain Manufacturers"
A S Textile,"Address: Babail Road, Babail, Panipat - 132103, Near Mohit Public School",Phone: +919034693758,"Tags: Bed Sheet Manufacturers, Cushion Cover Dealers, Home Furnishing Retailers"
Saksham International,"Address: Ansal Market, Ansal, Panipat - 132103",Phone: +919306611811,"Tags: Bed Sheet Manufacturers, Door MAT Manufacturers"
S3D Retails,"Address: Amar Bhawan Chowk, Panipat - 132103",Phone: +919468366345,"Tags: Bed Sheet Manufacturers, Bed Sheet Retailers, Carpet Dealers"
Pankaj Kalra Textiles,"Address: Sonali Rd, Panipat HO, Panipat - 132103","Phone: 1804004591, +919896181127","Tags: Bed Sheet Manufacturers, Bed Sheet Retailers"
Ashok Handloom,"Address: Opp.l.k. Honda, Go Hand Road, Panipat City, Panipat - 132103","Phone: 1804014100, +919253440005","Tags: Bed Sheet Manufacturers, Bed Sheet Wholesalers, Carpet Wholesalers"
Shivani Creations,"Address: G T Rd, Panipat HO, Panipat - 132103, Opp New Grain Mkt ,Above SBI ,Nr Gaurav Dharam Kanta","Phone: +918295888861, +918295888862, +918295888863","Tags: Bed Sheet Manufacturers, Bed Sheet Retailers, Pillow Manufacturers"
Krish Handloom,"Address: Circular road, Panipat City, Panipat - 132103, Near Amar Bhawan Chowk","Phone: +918930697959, +919416951650","Tags: Bed Sheet Manufacturers, Bed Sheet Retailers, Bed Sheet Wholesalers"
Prabhat textile,"Address: Gohana road, Gohana road, Gohana Road, Panipat - 132103, Near Mahavir dharma kanta",Phone: +919910620141,"Tags: Bed Sheet Manufacturers, Bed Sheet Retailers, Bed Sheet Wholesalers"
Gargsons Overseas,"Address: Deashraj Colony, Panipat City, Panipat City, Panipat - 132103, (Near Baba Balaknath Mandir)",Phone: +9101802638291,"Tags: Bed Sheet Manufacturers, Bed Sheet Retailers"
Gargsons Overseas,"Address: Deashraj Colony, Panipat City, Panipat City, Panipat - 132103, (Near Baba Balaknath Mandir)",Phone: +9101802638291,"Tags: Bed Sheet Manufacturers, Bed Sheet Retailers"
Sarla Textiles,"Address: Gali No. 1 Jattal Road, Sondhapur Chowk, Sodhapur, Panipat - 132105","Phone: +919215502951, +919416110213","Tags: Bed Sheet Manufacturers, Bed Sheet Retailers, Bed Sheet Wholesalers"
Yugav Textile,"Address: 13, Shagun Shopping Plaza, Amar Bhawan Chowk, Panipat HO, Panipat - 132103, Panipat",Phone: +919812175550,"Tags: Bed Sheet Manufacturers, Bed Sheet Retailers"
Sethi International,"Address: Plot No. 92, Sector-29 Huda, Industrial Area, Huda, Panipat - 132104",Phone: +9101802662291,"Tags: Bed Sheet Manufacturers, Bed Sheet Retailers"
Rajiv Handloom Industry,"Address: Guru Ravidas Road, Near Amar Bhawan Chowk, Panipat HO, Panipat - 132103, Near Ravidas School","Phone: +919215018972, +919215077972, +919034091600","Tags: Bed Sheet Manufacturers, Bed Sheet Retailers"
Shri Ram Krishna Fabs,"Address: 498/4, Circular Ropad, Near Amar Bhawan Chowk, Panipat G T Road, Panipat - 132103, Panipat","Phone: 1802001484, +919416018450","Tags: Bed Sheet Manufacturers, Bed Sheet Retailers, Furnishing Fabric Manufacturers"
Gurunanak Bed Sheet,"Address: 813/7 Panipat, S.D. College Road, G T Road, Panipat - 132103, Panipat Amar Bhavan Chowk","Phone: +919034810064, +919034499091, +919991341245","Tags: Bed Sheet Manufacturers, Bed Sheet Retailers"
New sneha trader,"Address: 7, Shagun Shopping Plaza Market, Amar Bhawan Chowk, Panipat G T Road, Panipat - 132103, Panipat","Phone: +919254118310, +919254018310","Tags: Bed Cover Manufacturers, Bed Sheet Manufacturers, Bed Sheet Retailers"
Ganpati Overseas,"Address: Opp. Pan Food, Behind Swastik Spin Mills, Panipat Haryana, Panipat - 132103, G.t. Road, Panipat - 132 103 India",Phone: 1802666470,"Tags: Bed Sheet Manufacturers, Bed Sheet Retailers"
Shree Ram Furnishing,"Address: House No-402/4, Gohana Road, Panipat - 132103, Raj Putana Bazar, Amar Bhawan Chowk","Phone: +919034130157, +919253040781, +919254478889","Tags: Bed Sheet Manufacturers, Bed Sheet Retailers, Furnishing Fabric Manufacturers"
Mittal handloom inds.,"Address: 44-45, Pachranga Bazar, Pachranga Bazar, Panipat - 132103, Panipat","Phone: +917206757905, 9729111007","Tags: Bed Sheet Manufacturers, Bed Sheet Retailers, Bed Sheet Wholesalers"
Ashish Handloom Inds.,"Address: Khail Bazar, Near Sethi Chowk, Sethi Chowk, Panipat - 132107, Panipat","Phone: +919812700568, 9416001387","Tags: Bed Sheet Manufacturers, Bed Sheet Retailers"
A- Fabs India,"Address: Plot No.-797, Main Assandh Road, Near St. Marry Public School, Across Both Canal, Panipat- 132103, Assandh Road, Panipat - 132103",Phone: +917404490797,"Tags: Bath MAT Manufacturers, Bed Sheet Manufacturers, Carpet Manufacturers"
Rajesh Handloom House,"Address: Shop No. 152, S.D. College Road, Panipat City, Panipat - 132103",Phone: +919729741665,"Tags: Bed Sheet Manufacturers, Bed Sheet Wholesalers"
Indian Home Furnishing,"Address: Shop No- 44, Devi Mandir Road, Barsat Road, panipat - 132103, Near Bichpidi Chowk",Phone: +917015723621,"Tags: Bed Sheet Manufacturers, Bed Sheet Wholesalers"
Ginni Enterprises,"Address: 8633plot No, Pehelwan Chowk, Kutani Road, Panipat - 132103, Prem Palace Gali","Phone: +919896044469, +917988406264","Tags: Bed Sheet Manufacturers, Bed Sheet Wholesalers"
Swaraj Handlooms,"Address: Sanoli Road, Panipat - 132104, Chandni Bagh","Phone: +919416004443, +919254500015","Tags: Bed Sheet Manufacturers, Bed Sheet Wholesalers"
Divine Creations,"Address: Plot No. 82, Sector 25, Part-2, Huda, Industrial Area, Panipat- 132103, Industrial Area, Panipat - 132101",Phone: +919643008313,"Tags: Bed Sheet Manufacturers, Bed Sheet Wholesalers, Fabric Manufacturers"
Vintage,"Address: Plot No. 92, Sector-29 Part-1, Huda, Panipat- 132103, Panipat HO, Panipat - 132103",Phone: +919896390496,"Tags: Bed Sheet Manufacturers, Bed Sheet Wholesalers"
J B D Exports,"Address: Sir Chotu Ram Chowk, mohan Nagar, Babail Road, Panipat HO, Panipat - 132103",Phone: +919416651901,"Tags: Bed Sheet Manufacturers, Bed Sheet Wholesalers"
Marvel Home Furnishing,"Address: Plot No.164, Sector 12, Panipat- 132103, Panipat HO, Panipat - 132103",Phone: 1804002741,"Tags: Bed Sheet Manufacturers, Bed Sheet Wholesalers"
Raghav Textiles,"Address: No. 940, Nhbc, Sector- 11, Panipat- 132 103, Panipat HO, Panipat - 132103",Phone: +919896955531,"Tags: Bed Sheet Manufacturers, Bed Sheet Wholesalers"
Glory Bedding Collection,"Address: O-50, Assandh Road, Panipat - 132103, Industrial Area, Near Old Court","Phone: +919996024203, 9996025203","Tags: Bed Sheet Manufacturers, Bed Sheet Wholesalers"
Parkash Fabrics,"Address: Plot Number- 24, Huda, Panipat - 132104, Industrial Area, Sector 25, Part 1, Near G T Road","Phone: 1802663383, +919416017383","Tags: Bed Sheet Manufacturers, Bed Sheet Wholesalers"
Antique Art Exports Private Limted,"Address: 78 K.M. Stone, G.T. Road, Karhans Village, Tehsil Samalkha, Tehsil Samalkha, Panipat- 132103, Samalkha, Panipat - 132101",Phone: +919999997754,"Tags: Bed Sheet Manufacturers, Bed Sheet Wholesalers"
Pragya Textile Industriespanip,"Address: Plot -67, Sector -29, Part -2, HUDA Sector 29, Panipat - 132103, Near Danik Jagran Office",Phone: +919991002078,"Tags: Bed Sheet Manufacturers, Home Furnishing Manufacturers"
Manik Handloom Shawl Store,"Address: Pachranga Bazar, Panipat - 132103, Near Valmiki Mandir",Phone: +918708055256,Tags: Bed Sheet Manufacturers
Lovely Handloom,"Address: S.D. College Road, Panipat City, Panipat - 132103",Phone: +919728348324,Tags: Bed Sheet Manufacturers
M K Fabrics,"Address: Plot No. 455, Sector 29, Part 2, Hura, Panipat - 132103, Huda",Phone: +919813441066,"Tags: Bath MAT Manufacturers, Bed Sheet Manufacturers, Mink Blanket Manufacturers"
The Navkar Handloom P C I S Ltd,"Address: Gali No. 3, Sanoli Road, Panipat - 132103",Phone: +919813047553,Tags: Bed Sheet Manufacturers
Chinar Handicrafts,"Address: Gali No. 13, Plot No. 86, Sanoli Road, Panipat - 132103, Huda",Phone: +919034837487,Tags: Bed Sheet Manufacturers
Yati Ovresage,"Address: Vill Jhamba Sanoli Khurd Panipat, Sanoli Khurd, Panipat - 132103",Phone: +918930738621,Tags: Bed Sheet Manufacturers
Velmora Group,"Address: 281, Sector 25, Panipat - 132103, Huda",Phone: +919034201455,"Tags: Bed Sheet Manufacturers, Carpet Manufacturers"
Gagan Textiles,"Address: Panitah, Kotani Road, Panipat - 132103",Phone: +917206258476,Tags: Bed Sheet Manufacturers
Bhardwaj Textiles,"Address: Panipat - 132103, Near N.F.L Town Gate",Phone: +919034210473,Tags: Bed Sheet Manufacturers
Ind Fab Creations,"Address: Sector-11, Panipat - 132103",Phone: +917015643078,Tags: Bed Sheet Manufacturers
Gk Handloom,"Address: Ward No. 12, Dhuptin Nagar, Hali Colony, Sanoli Road, Panipat - 132103",Phone: +919813324911,Tags: Bed Sheet Manufacturers
Lal Ji Bed Sheet,"Address: G T Road, Panipat - 132103",Phone: +917015489921,Tags: Bed Sheet Manufacturers
Om Tax India,"Address: Plot No 453/20, Old Guhana Road, Panipat - 132103",Phone: +919416065101,"Tags: Bed Sheet Manufacturers, Sofa Cover Dealers"
Shree Ganesh Furnishing,"Address: H.No 628 Dutta Colony Panipat, Panipat - 132103, Near Sent Mary School",Phone: +918398022574,Tags: Bed Sheet Manufacturers
Sachin Trader’s,"Address: 373/11, Panipat - 132103, Near Gurudwara Rani Mahal",Phone: +919034612354,"Tags: Bed Sheet Manufacturers, Sofa Cover Dealers"
M Y Textile,"Address: Deshraj Colony, Panipat - 132103",Phone: +917206526111,Tags: Bed Sheet Manufacturers
Exotic Enterprises,"Address: Kacha Kabri Fatak, Kabri, Panipat - 132103",Phone: +919991111318,Tags: Bed Sheet Manufacturers
Seva Ram Product,"Address: Khasra No 555 Tej Vihar Colony Badail Road, Bhagat Nagar, Panipat - 132103",Phone: +919896701008,Tags: Bed Sheet Manufacturers
Shree Maruti Textile,"Address: Mahaveer Colony, Jatal Road, Jattal Road, Panipat - 132103, Near By Sanjay Chowk",Phone: +919896954001,Tags: Bed Sheet Manufacturers
Vardan Handloom,"Address: 39 bhawna chawk devi mandir road, tej colony, Panipat HO, Panipat - 132103, Behind Nihang Singh Gurudwara","Phone: +919416009160, +919416952032",Tags: Bed Sheet Manufacturers
Bharat Trading Company,"Address: Shop No. 560/4, Circular Road, Near Amar Bhawan Chowk, Panipat Gt Road, Panipat - 132103, Panipat","Phone: 1804004074, 1804015129, +919896252434","Tags: Bed Sheet Manufacturers, Trading Companies"
Hari Textile,"Address: No. 2958, New Housing Board Colony, Huda, Panipat - 132103",Phone: +917404361360,Tags: Bed Sheet Manufacturers
Meena Traders,"Address: House 1263 Sector 12, New Housing Board Colony, New Housing Board Colony, Panipat - 132103",Phone: +917494914343,"Tags: Bed Sheet Manufacturers, Cushion Cover Manufacturers, Sofa Cover Dealers"
Asha Handloom,"Address: Plot No. 63, Gali No.8, Baljeet Naga, Sanoli Road, Panipat - 132104, Opposite Malik Petrol Pump Sanoli Road Panipat","Phone: +919588771073, 9466095509","Tags: Bed Sheet Manufacturers, Handloom Manufacturers"
Deco Overseas,"Address: Noorwala, panipat- 132103, Barsat Road, Panipat - 132103",Phone: +919215043487,Tags: Bed Sheet Manufacturers
Pushkar Trader,"Address: 478a/4, Amar Bhawan Chowk, Panipat G T Road, Panipat - 132103, Panipat","Phone: +919354911364, 9896612433",Tags: Bed Sheet Manufacturers
Juneja Handloom Industry,"Address: Shop No - 2, Sankar Markit, Panipat HO, Panipat - 132103, Near Satranga Bazar","Phone: +919896247775, +919812319000",Tags: Bed Sheet Manufacturers
P K Handloom,"Address: Babail Road, Panipat HO, Panipat - 132103, Near Mittal Dential Clinic",Phone: +919896317546,Tags: Bed Sheet Manufacturers
Ansari Products,"Address: 948/10, Ek Minar Masjid, Kutani Road, Panipat - 132103, Behind Dr Rk School","Phone: +919896127084, +919034773810",Tags: Bed Sheet Manufacturers
oberoi loomtex,"Address: 694/11, Kutani Road, Panipat - 132103, pvs computer","Phone: +917206811616, +917206666907",Tags: Bed Sheet Manufacturers
Vikram Textile,"Address: 460/10, Ward No 11, Panipat HO, Panipat - 132103, Near Chawla Colony, ,Near New Sabji Mandi","Phone: +919255889667, +919416159970",Tags: Bed Sheet Manufacturers
N Tex,"Address: 203, Jattal Road, Panipat - 132103, Near V B Plaza","Phone: +919896600047, 9254901439",Tags: Bed Sheet Manufacturers
Sgl Healthcare Pvt Ltd,"Address: 54 B, Prakash Nagar, Tehsil Town, Panipat - 132103",Phone: +919215090585,"Tags: Bed Sheet Manufacturers, Door MAT Manufacturers"
Gogya Handloom Industry,"Address: 266/7, Near Amar Bhawan Chowk, Main Bazar Panipat, Panipat - 132103, Panipat",Phone: +919315341241,Tags: Bed Sheet Manufacturers
Himanshu Handloom,"Address: saini colony, Panipat HO, Panipat - 132103, near saholi road","Phone: +919996307000, +919728907007",Tags: Bed Sheet Manufacturers
Sandhya Handloom Industries,"Address: No. 476, Sector 29, Huda, Part 2, Panipat - 132103","Phone: +919896480688, 9416007639",Tags: Bed Sheet Manufacturers
Radhey Radhey Fabrics,"Address: Gali Number-1, Sanoli Road, Panipat City, Panipat - 132103, Near Ganesh Nagar","Phone: 1804016437, +919991111195, +918950000155",Tags: Bed Sheet Manufacturers
Kesho Enterprises,"Address: chotu ram chowk, Rajkheri, Panipat - 132103",Phone: +919813865315,Tags: Bed Sheet Manufacturers
Aashirwad Enterprises,"Address: Ugra Kheri Road, Panipat - 132103",Phone: +919034317316,Tags: Bed Sheet Manufacturers
Pooja Enterprises,"Address: 42, 1st Floor, Bajrang Market, Sat Kartar Nagar, Panipat - 132103",Phone: +919416308773,"Tags: Bed Sheet Manufacturers, Door MAT Manufacturers"
Preet Traders,"Address: 320/7, Sethi Chowk, Sethi Chowk, Panipat - 132103, Near Kataria Medical Store",Phone: +918607002828,"Tags: Bed Sheet Manufacturers, Mink Blanket Manufacturers, Prayer MAT Manufacturers"
Jv Textile,"Address: Patel Nagar, Patel Nagar, Panipat - 132103",Phone: +918950088765,Tags: Bed Sheet Manufacturers
Mico Handloom Industries,"Address: Ganga Puri Road, Panipat - 132103",Phone: +919896629580,Tags: Bed Sheet Manufacturers
M S Loom Industries,"Address: Panchranga Bazzar, Gurudwara Road, Panipat - 132103",Phone: +919416221362,"Tags: Bed Sheet Manufacturers, Woollen Blanket Manufacturers"
Angel Textile,"Address: 641, Model Town, Panipat - 132145, Choudhary Chowk","Phone: 1802656468, +919650231035",Tags: Bed Sheet Manufacturers
Lalit Handloom,"Address: Factory 306/5, Sanoli Road, Panipat - 132102, Near Chandni Bagh",Phone: +917015002546,Tags: Bed Sheet Manufacturers
Shree ram handloom,"Address: Gohana road, Gohana Road, Panipat - 132103, Near gohana road",Phone: +919728887575,"Tags: Bed Sheet Manufacturers, Curtain Manufacturers"
New Obrai Loomtex,"Address: Plot No 464/11, Chitani Road, Kutani Road, Panipat - 132103, Near Kutani Road 11 Ward Panipat",Phone: +917206811616,"Tags: Bed Sheet Manufacturers, Mink Blanket Manufacturers"
Nsb Enterprises,"Address: Pachranga Bazar, Pachranga Bazar, Panipat - 132103, Near Shiv Mandir",Phone: +919050105432,"Tags: Bed Sheet Manufacturers, Mink Blanket Manufacturers"
Arjun Fabricators,"Address: Panipat Camp, Haryana, Panipat Camp, Panipat - 132103",Phone: +919254900165,Tags: Bed Sheet Manufacturers
Duli Chand Textile,"Address: Arjun Nagear, Kabri Road, Kabri, Panipat - 132103, Industrial Area",Phone: +919996632163,"Tags: Bed Sheet Manufacturers, Mink Blanket Manufacturers, Prayer MAT Manufacturers"
Balaji Textile,"Address: Ekta Vihar, Ujha Road, Ujha, Panipat - 132103",Phone: +919813806773,"Tags: Bed Sheet Manufacturers, Curtain Manufacturers, Furnishing Fabric Manufacturers"
Rahul Enterprises,"Address: Shop No-470/4, Amar Bhawan Chowk Area, Panipat - 132103",Phone: +919253055589,"Tags: Bed Sheet Manufacturers, Curtain Manufacturers, Cushion Cover Manufacturers"
Victo Velvet Pvt Ltd,"Address: Sec.172 Gt Road, Panipat - 132103",Phone: +919812436174,Tags: Bed Sheet Manufacturers
Ransh Textile,"Address: Pachranga Bazar, Panipat - 132103, Pachranga Bazar",Phone: +919812100966,"Tags: Bed Sheet Manufacturers, Woollen Blanket Manufacturers"
Satyaam Textiles,"Address: Sardar Mool Singh Nagar, Ugra Khedi Morh, Sardar Mool Singh Nagar, Panipat - 132103",Phone: +917404339424,"Tags: Bed Sheet Manufacturers, Bedspread Manufacturers"
S G Internationals,"Address: 1577, Huda, Huda, Sector 25, Panipat - 132103",Phone: +917206502226,"Tags: Bed Sheet Manufacturers, Sofa Cover Dealers"
Poonam Handloom,"Address: Mukhija Colony, Jatal Road, Panipat - 132103",Phone: +919953445370,"Tags: Bed Sheet Manufacturers, Curtain Manufacturers, Mink Blanket Manufacturers"
Pearl Fabe,"Address: Asand Road, Road Number 2, Model Town, Panipat - 132103, Near Kacha Camp","Phone: +918168886327, 9034608964","Tags: Bed Sheet Manufacturers, Curtain Manufacturers"
Babbal Texo Fabs,"Address: Khail Bazar, Sethi Chowk, Sethi Chowk, Panipat - 132107, Panipat",Phone: +919812324914,Tags: Bed Sheet Manufacturers
Dawar Textiles,"Address: O - 36 Industrai Area, Industrial Area, Panipat - 132101, Panipat","Phone: +919896677491, +919896251284","Tags: Bed Sheet Manufacturers, Handloom Manufacturers"
Kg Hometex,"Address: Devpuri Road, HUDA Sector 12, Panipat - 132103",Phone: +917027111135,Tags: Bed Sheet Manufacturers
Usha Textile Mills,"Address: 20/14, Ujha Road, Panipat - 132104","Phone: +919991666670, +919991600033","Tags: Bed Cover Manufacturers, Bed Sheet Manufacturers"
S A FAB India,"Address: 111 S D School Market, Panipat City, Panipat - 132103","Phone: 1802694341, 1804009111, +919416105263",Tags: Bed Sheet Manufacturers
Dimple Textile,"Address: Guru Ravi Dass Road, Panipat City, Panipat - 132103","Phone: 1802631505, 1804007705, +919416866460",Tags: Bed Sheet Manufacturers
Delite International,"Address: Pasina Kalan G.t. Road, Panipat - 132103",Phone: 1802575760,"Tags: Bath MAT Manufacturers, Bed Sheet Manufacturers, Rug Manufacturers"
Hari Loomtex,"Address: Factory Number 483, Panipat Sector 25 Part 2, Panipat - 132103, Huda",Phone: +919996128282,"Tags: Bed Sheet Manufacturers, Sofa Cover Dealers"
Darshan Textile,"Address: Gali No-2, Main Rd, Panipat HO, Panipat - 132103, Captain Ngr, Rajiv Clny","Phone: +919991700332, 9991800332, 9050900772",Tags: Bed Sheet Manufacturers
Sachkhand Textiles,"Address: 920/7 Behind Ibl Public School, Panipat HO, Panipat - 132103","Phone: 1804009947, +919896009218",Tags: Bed Sheet Manufacturers
Panna Handloom Inds,"Address: 1068/3, Panipat HO, Panipat - 132103, Pachranga Bzr","Phone: +919253100675, 9812329483",Tags: Bed Sheet Manufacturers
Shri mahadev handloom inds,"Address: H No. 915/7, Panipat HO, Panipat - 132103","Phone: 1802694251, +919215623001, +919416223056, +919416223078","Tags: Bed Cover Case Manufacturers, Bed Sheet Manufacturers"
Fresh Line International,"Address: Panipat H O, Panipat HO, Panipat - 132103",Phone: +919896372227,Tags: Bed Sheet Manufacturers
Cee BEE International,"Address: Panipat H O, Panipat HO, Panipat - 132103",Phone: +918814835430,Tags: Bed Sheet Manufacturers
Gian Textiles,"Address: Panipat H O, Panipat HO, Panipat - 132103",Phone: +918377804731,"Tags: Bed Cover Manufacturers, Bed Sheet Manufacturers"
Raadhika Furnishing,"Address: Plot No - 2 Behind Sabzi Mandi, Panipat HO, Panipat - 132103, Nea Ganesh Mandir Panipat",Phone: +919896431600,"Tags: Bed Sheet Manufacturers, Blanket Manufacturers"
Mangla Udyog,"Address: Kutani Road, Kutani Road, Panipat - 132103, Panipat",Phone: +919416316675,Tags: Bed Sheet Manufacturers
Seven Springs Mills,"Address: Plot 3391, Jatal Road, Panipat HO, Panipat - 132103, Near Sanjay Chowk","Phone: +919416018142, +918950711000","Tags: Bed Sheet Manufacturers, Blanket Manufacturers, Mink Blanket Manufacturers"
J B Textiles,"Address: 102, Sector 11, Huda, Panipat - 132103",Phone: +919034104407,Tags: Bed Sheet Manufacturers
Reflection India,"Address: 128, Virat Nagar, Model Town, Model Town, Panipat - 132103, Panipat - 132 103, Haryana (India)","Phone: 1802653125, 1803113394","Tags: Bath MAT Manufacturers, Bed Sheet Manufacturers, Carpet Dealers"
Nayyar Handloom Fabrics,"Address: 118, Sukhdev Nagar, Panipat - 132103","Phone: +919416276727, +919991310010","Tags: Bed Cover Case Manufacturers, Bed Sheet Manufacturers, Handloom Retailers"
Vinny loomtex,"Address: Shop No 1, Near Amar Bhawan Chowk, Main Bazar Panipat, Panipat - 132103, Panipat","Phone: +919215038838, 9215838838",Tags: Bed Sheet Manufacturers
Richa Fabrics,"Address: St No-1, Sanoli Road, Panipat - 132104, Chandni Bagh, Ganesh Ngr","Phone: 1804006437, +919416030075, +919254111115",Tags: Bed Sheet Manufacturers
Manoj Textile Corp,"Address: 283/7, Panipat City, Panipat - 132103, Nr Sethi Chowk","Phone: 1804009687, +917206200072, 9416801209",Tags: Bed Sheet Manufacturers
Pipal Textile And Home Decor,"Address: Plot No 404, Huda, Panipat - 132104, Huda Sector 29, Part II",Phone: +918425844834,Tags: Bed Sheet Manufacturers
Arora Enterprises,"Address: Shop No. 412/7, Ram Mandir Road, Panipat City, Panipat - 132103",Phone: +919034592001,"Tags: Bed Sheet Manufacturers, Textile Machinery Spare Part Dealers"
Malik Textiles,"Address: Malik Sanoli Road, Panipat - 132103",Phone: +919416017294,"Tags: Bed Sheet Manufacturers, Blanket Manufacturers"
Exports Today,"Address: Panipat HO, Panipat - 132103",Phone: +919810988518,"Tags: Bed Sheet Manufacturers, Dhurrie Manufacturers, Home Furnishing Manufacturers"
Sanjay Textiles,"Address: Kutani Road, Kutani Road, Panipat - 132103, Pehalwan Chowk","Phone: +919416292835, 9992300410",Tags: Bed Sheet Manufacturers
Naman Texo Fab,"Address: 573/8, Sethi Chowk, Sethi Chowk, Panipat - 132107, Panipat","Phone: +919354930132, 9315617552",Tags: Bed Sheet Manufacturers
Kesri Transcontinental,"Address: Sector-24, Huda, Panipat - 132104, Near Aggarwal Bhawan",Phone: +919050009486,"Tags: Bed Sheet Manufacturers, Furnishing Fabric Manufacturers"
Raghunayak Fabrics,"Address: 994/13, Mahavir Colony Behindkishore Cinema, Mahavir Bazar, Panipat - 132145",Phone: 1805002980,"Tags: Bed Sheet Manufacturers, Fleece Blanket Dealers"
K R Jain &amp; Sons,"Address: 948/3, Luci Gali, Pachranga Bazar, Panipat - 132103, Opp. PNB Bank ATm","Phone: 1802632997, +918053808003, +919728335727","Tags: Bed Sheet Manufacturers, Shawl Wholesalers"
Hb Handloom Industries,"Address: Building No 58, Gali No 7, Gangapuri Road, Panipat Nfl, Panipat - 132103, Near Shiv Mandir","Phone: +918168587184, 7206388008","Tags: Bed Sheet Manufacturers, Carpet Manufacturers, Woollen Blanket Manufacturers"
Dev Textile,"Address: Shop No 512/1, Insaar Chowk Market, Panipat - 132103, Near Salarganj Gate, Opposite Bus Stand","Phone: +919053468029, 8168132651, 9750000662, 9750000663","Tags: Bed Sheet Manufacturers, Bed Sheet Wholesalers, Handloom Manufacturers"
Pankaj Texofab,"Address: Plot-No. 465-466 Sec-29, Part 2 Panipat, Dhoop Singh Nagar Galli No 1 Sanoli Road Panipat","Phone: 9671276800, 9671556700, 8950500053","Tags: Bed Sheet Manufacturers, Carpet Manufacturers"
Vinay Multitex,"Address: 465-466 sec 29 part 2 panipat,DHOOP SINGH NAGAR GALLI NO 1,sanoli road panipat","Phone: 9671276800, 9671556700, 895050054","Tags: Bed Sheet Manufacturers, Carpet Manufacturers"
Gold Spin India Pvt Ltd,"Address: H 7 10, Industrial Area Near Pakka Fatak, Panipat - 132103","Phone: +919255105769, 9896600025","Tags: Bed Sheet Manufacturers, Fleece Blanket Dealers, Mink Blanket Manufacturers"
Lucky Home Furnishing,"Address: Near Theramal Power Plant, Assandh Road, Panipat - 132103, Opp. Shiv Mandir","Phone: +919671964674, +918930044969","Tags: Bed Sheet Manufacturers, Curtain Dealers, Handloom Manufacturers"
